date,normalized_polarity,normalized_price
2011-03-29,0.8207353886453701,0.8962155963302751
2011-03-30,0.7890642176039673,0.8900229357798164
2011-03-31,0.7835353747053231,0.9174311926605503
2011-04-01,0.8068637585912904,0.9330275229357798
2011-04-04,0.9235087971487814,0.9397935779816513
2011-04-05,0.8389909940413973,0.936123853211009
2011-04-06,0.849925307619525,0.9425458715596329
2011-04-07,0.8613132421393107,0.9590596330275227
2011-04-08,0.9031646213752857,0.9871559633027522
2011-04-11,0.8932372306382468,0.9553899082568806
2011-04-12,0.9122239291097005,0.9123853211009174
2011-04-13,0.8875155279763808,0.9221330275229356
2011-04-14,0.8585408409711811,0.935091743119266
2011-04-15,0.8334612925920066,0.9516055045871559
2011-04-18,0.7219919988512415,0.9232798165137615
2011-04-19,0.7759962172782982,0.9287844036697248
2011-04-20,0.8012394481425501,0.9707568807339448
2011-04-21,0.8337525270266426,0.980848623853211
2011-04-25,0.9487266724871962,0.9803899082568808
2011-04-26,0.9423388351864824,0.980848623853211
2011-04-27,0.9454824827378576,0.9876146788990825
2011-04-28,0.8833703313781005,0.9884174311926603
2011-04-29,0.8657513070095904,1.0
2011-05-02,0.7541194731796101,0.9958715596330274
2011-05-03,0.7812593532034396,0.9680045871559633
2011-05-04,0.7475345831308176,0.9472477064220184
2011-05-05,0.7401452048832282,0.8451834862385321
2011-05-06,0.6863288951249817,0.8105504587155963
2011-05-09,0.6942536468243088,0.8501146788990825
2011-05-10,0.7063181126138627,0.8853211009174311
2011-05-11,0.6566162221795943,0.8221330275229357
2011-05-12,0.6199942560804858,0.8295871559633028
2011-05-13,0.6425409190947445,0.8373853211009172
2011-05-16,0.5798360603277992,0.8110091743119265
2011-05-17,0.551463033167806,0.8051605504587156
2011-05-18,0.5332941264745057,0.8409403669724771
2011-05-19,0.527020394479981,0.823394495412844
2011-05-20,0.3726129766636356,0.8366972477064221
2011-05-23,0.37071332728660017,0.8127293577981651
2011-05-24,0.37054504034649394,0.8364678899082567
2011-05-25,0.40556763116859956,0.8553899082568808
2011-05-26,0.4351804948784642,0.8485091743119266
2011-05-27,0.39671338167323417,0.8530963302752292
2011-05-31,0.41151083865263216,0.877408256880734
2011-06-01,0.40772663689913546,0.8498853211009174
2011-06-02,0.32469697041040985,0.8511467889908255
2011-06-03,0.3044180044914576,0.8496559633027523
2011-06-06,0.31804173307323014,0.8357798165137613
2011-06-07,0.34119250597572676,0.8370412844036699
2011-06-08,0.3020119470803505,0.8552752293577981
2011-06-09,0.2651933007318963,0.8688073394495412
2011-06-10,0.32024044622179504,0.8384174311926604
2011-06-13,0.3999940902441675,0.814334862385321
2011-06-14,0.41221132799302107,0.8392201834862385
2011-06-15,0.3560917978875415,0.7871559633027523
2011-06-16,0.3494748518924312,0.7885321100917431
2011-06-17,0.34883455605116614,0.7663990825688072
2011-06-20,0.4258898867908172,0.7688073394495414
2011-06-21,0.3853462671070967,0.7741972477064221
2011-06-22,0.31141887346242003,0.7886467889908255
2011-06-23,0.28269849352931253,0.7397935779816514
2011-06-24,0.2828599398487085,0.7419724770642202
2011-06-27,0.34470100139179266,0.7392201834862386
2011-06-28,0.37703769926112835,0.7650229357798166
2011-06-29,0.3812533757223998,0.7873853211009174
2011-06-30,0.3743084498963093,0.792545871559633
2011-07-01,0.3861265745745943,0.7869266055045872
2011-07-05,0.4461263933238711,0.8111238532110092
2011-07-06,0.4230644274466648,0.808256880733945
2011-07-07,0.4239557698156065,0.8315366972477065
2011-07-08,0.2815283570629976,0.8028669724770643
2011-07-11,0.3298410777744316,0.790940366972477
2011-07-12,0.2926711772101205,0.816743119266055
2011-07-13,0.30951004166403007,0.823967889908257
2011-07-14,0.31899284390488447,0.7977064220183485
2011-07-15,0.39294543923280795,0.8147935779816513
2011-07-18,0.4213059573625602,0.7998853211009174
2011-07-19,0.4256112400975479,0.8176605504587156
2011-07-20,0.3391959350233315,0.8247706422018348
2011-07-21,0.3483447761631142,0.8345183486238532
2011-07-22,0.245844247526538,0.8410550458715595
2011-07-25,0.3365828696932419,0.8346330275229357
2011-07-26,0.3008002340340482,0.8419724770642201
2011-07-27,0.29233371604653235,0.8166284403669726
2011-07-28,0.33160953063187765,0.8175458715596331
2011-07-29,0.1974614412920238,0.7969036697247707
2011-08-01,0.1654415200751599,0.7888761467889909
2011-08-02,0.20239618196663345,0.7751146788990826
2011-08-03,0.2309278108638967,0.753211009174312
2011-08-04,0.25917981345589636,0.6944954128440366
2011-08-05,0.1456906050587543,0.6961009174311925
2011-08-08,0.23361658590623235,0.6316513761467888
2011-08-09,0.302055409943186,0.609288990825688
2011-08-10,0.33034829752765865,0.6520642201834861
2011-08-11,0.3422527127244078,0.6799311926605505
2011-08-12,0.32186411253546815,0.676605504587156
2011-08-15,0.33006989254086083,0.7074541284403668
2011-08-16,0.33324959233079543,0.6933486238532109
2011-08-17,0.3344275765374548,0.7040137614678899
2011-08-18,0.35636989130309077,0.6443807339449541
2011-08-19,0.2952680435373325,0.6438073394495412
2011-08-22,0.30657556944329556,0.6677752293577981
2011-08-23,0.268522941377243,0.678440366972477
2011-08-24,0.2528421624323093,0.6743119266055044
2011-08-25,0.28371882363420353,0.6761467889908257
2011-08-26,0.24688175063043705,0.6786697247706421
2011-08-29,0.27219626189727864,0.7004587155963302
2011-08-30,0.327648072511219,0.7191513761467891
2011-08-31,0.3013440514791488,0.718119266055046
2011-09-01,0.30752204145636164,0.7194954128440367
2011-09-02,0.29753423962341674,0.6910550458715596
2011-09-06,0.31309695792154935,0.6857798165137614
2011-09-07,0.36508040489576093,0.724197247706422
2011-09-08,0.38391209886712785,0.7208715596330275
2011-09-09,0.32883559587703887,0.7001146788990824
2011-09-12,0.27153602085381645,0.7110091743119265
2011-09-13,0.2645753771069643,0.7341743119266053
2011-09-14,0.2734604426327485,0.7192660550458716
2011-09-15,0.2834075343355099,0.7248853211009174
2011-09-16,0.18857709014495005,0.7083715596330273
2011-09-19,0.21869849690583765,0.6824541284403669
2011-09-20,0.305890618005905,0.6964449541284403
2011-09-21,0.3245395258778821,0.6832568807339447
2011-09-22,0.31959505255656107,0.6204128440366972
2011-09-23,0.3111323797490976,0.6122706422018347
2011-09-26,0.3070969009628062,0.6167431192660551
2011-09-27,0.29802418068023295,0.6650229357798165
2011-09-28,0.33104173329163805,0.627866972477064
2011-09-29,0.3102371711550743,0.6385321100917432
2011-09-30,0.23542413785452954,0.6048165137614678
2011-10-03,0.31597347367410056,0.5865825688073394
2011-10-04,0.3581168341358724,0.564334862385321
2011-10-05,0.38379323053691267,0.6103211009174312
2011-10-06,0.40155853790776624,0.6436926605504585
2011-10-07,0.2780526876811955,0.6480504587155962
2011-10-10,0.36489781704103713,0.676032110091743
2011-10-11,0.3696568138871559,0.6806192660550459
2011-10-12,0.4112246907817356,0.6778669724770641
2011-10-13,0.3260616298504374,0.6624999999999999
2011-10-14,0.338455487120576,0.6950688073394495
2011-10-17,0.45095050979660906,0.6902522935779816
2011-10-18,0.44296012072709035,0.7127293577981653
2011-10-19,0.5021252464033346,0.6871559633027522
2011-10-20,0.5069515342657349,0.6866972477064219
2011-10-21,0.3983720462502239,0.6995412844036697
2011-10-24,0.4068477883697249,0.7446100917431193
2011-10-25,0.4479126099705084,0.7659403669724771
2011-10-26,0.48537228551013056,0.7340596330275229
2011-10-27,0.4933684567978812,0.7771788990825688
2011-10-28,0.38659717658274706,0.7698394495412844
2011-10-31,0.34212224656264845,0.7683486238532109
2011-11-01,0.34110175177462415,0.7568807339449541
2011-11-02,0.32539082293054006,0.7605504587155965
2011-11-03,0.3417719697087359,0.7784403669724769
2011-11-07,0.40037052617114754,0.7950688073394494
2011-11-08,0.42291903426049515,0.8097477064220182
2011-11-09,0.41556970464955906,0.7975917431192661
2011-11-10,0.434173713824508,0.8209862385321101
2011-11-11,0.3352825621177374,0.8348623853211008
2011-11-14,0.4067702127511275,0.8251146788990826
2011-11-15,0.4259609302264241,0.8392201834862385
2011-11-16,0.4478174617852406,0.8761467889908257
2011-11-17,0.4772054513570358,0.8329128440366971
2011-11-21,0.4146729542376227,0.8089449541284404
2011-11-22,0.38728868423207163,0.8207568807339449
2011-11-23,0.3967001849029581,0.8024082568807338
2011-11-28,0.4402012699113241,0.8259174311926605
2011-11-29,0.4200336797290187,0.8440366972477065
2011-11-30,0.41499557323821484,0.8505733944954128
2011-12-01,0.4619956074610212,0.8487385321100918
2011-12-05,0.47073865983755214,0.8572247706422018
2011-12-06,0.4137557891062297,0.8607798165137615
2011-12-07,0.4088374512015319,0.851605504587156
2011-12-08,0.3919749913212067,0.8275229357798164
2011-12-09,0.30612616557625616,0.8395642201834863
2011-12-12,0.3103351572453842,0.8208715596330274
2011-12-13,0.31598247047436445,0.849197247706422
2011-12-14,0.26832473966760206,0.7881880733944955
2011-12-15,0.2872909415116244,0.775802752293578
2011-12-16,0.3034886983397824,0.7724770642201835
2011-12-19,0.3055706461284454,0.7760321100917431
2011-12-20,0.3118223895256953,0.8138761467889908
2011-12-21,0.3556152155134931,0.8297018348623855
2011-12-22,0.3497835322032184,0.8397935779816514
2011-12-23,0.39577195981212504,0.8432339449541284
2011-12-27,0.3378623709946014,0.8612385321100917
2011-12-28,0.330169834979535,0.8400229357798163
2011-12-29,0.33543577680057307,0.8427752293577981
2011-12-30,0.3148409499299344,0.8330275229357798
2012-01-03,0.32695275176618865,0.8803899082568807
2012-01-04,0.3592747881799918,0.8833715596330274
2012-01-05,0.38423134057188063,0.8672018348623853
2012-01-06,0.36298773119216005,0.8643348623853211
2012-01-09,0.3411643052957962,0.8614678899082568
2012-01-10,0.33129203461862367,0.8721330275229358
2012-01-11,0.3622837434227566,0.8566513761467889
2012-01-12,0.365869055888414,0.8353211009174313
2012-01-13,0.3913399048997834,0.8314220183486238
2012-01-17,0.3801230982813386,0.8544724770642202
2012-01-18,0.375007639107234,0.853440366972477
2012-01-19,0.3850241515477546,0.8501146788990825
2012-01-20,0.3302636562313773,0.8252293577981651
2012-01-23,0.2872751558610508,0.8403669724770642
2012-01-24,0.30845191241467307,0.8331422018348624
2012-01-25,0.3175357845928367,0.8376146788990826
2012-01-26,0.36170163064440847,0.8436926605504587
2012-01-27,0.3058694601344991,0.8403669724770642
2012-01-30,0.26827249082362914,0.8321100917431192
2012-01-31,0.29186112564775546,0.8287844036697247
2012-02-01,0.3331886230115942,0.8192660550458715
2012-02-02,0.3652120712776876,0.8047018348623853
2012-02-03,0.37740584135048993,0.8212155963302752
2012-02-06,0.34056279492412517,0.8107798165137614
2012-02-07,0.34057447248080924,0.8298165137614679
2012-02-08,0.3640153722467786,0.832683486238532
2012-02-09,0.3825842613697148,0.8450688073394494
2012-02-10,0.34965712287864226,0.8313073394495414
2012-02-13,0.31543436356438714,0.8509174311926606
2012-02-14,0.32283910366483637,0.8558486238532108
2012-02-15,0.34085264152976347,0.8673165137614678
2012-02-16,0.4087095658570881,0.873165137614679
2012-02-17,0.34578431665139825,0.8839449541284403
2012-02-21,0.3519241974061575,0.9138761467889907
2012-02-22,0.3829887740807246,0.915137614678899
2012-02-23,0.43671196716940763,0.9317660550458715
2012-02-24,0.4508428393132712,0.9541284403669725
2012-02-27,0.4464105542634141,0.9438073394495412
2012-02-28,0.46581250803388335,0.9220183486238531
2012-02-29,0.4640572809250778,0.9276376146788989
2012-03-01,0.4454820058515797,0.9469036697247706
2012-03-02,0.4133003004952561,0.9230504587155963
2012-03-05,0.3627696237081315,0.9232798165137615
2012-03-06,0.384444531188083,0.9004587155963302
2012-03-07,0.37737236316741973,0.9170871559633027
2012-03-08,0.41704304282070775,0.9227064220183487
2012-03-09,0.42994732708289435,0.9313073394495412
2012-03-12,0.41567294592160775,0.9191513761467891
2012-03-13,0.3830382953100765,0.9232798165137615
2012-03-14,0.35666337695284595,0.9094036697247705
2012-03-15,0.3876554496707727,0.9059633027522935
2012-03-16,0.40447187205436574,0.9270642201834862
2012-03-19,0.4103875644134257,0.9392201834862386
2012-03-20,0.3667395966903051,0.9115825688073396
2012-03-21,0.3662455122314983,0.9252293577981652
2012-03-22,0.4074418927698318,0.9035550458715595
2012-03-23,0.4055566935398307,0.9201834862385321
2012-03-26,0.3758851043936511,0.9275229357798165
2012-03-27,0.39546066231009597,0.9303899082568805
2012-03-28,0.37953295626522465,0.9083715596330275
2012-03-29,0.4421141177306012,0.8784403669724772
2012-03-30,0.4674584675581955,0.8811926605504588
2012-04-02,0.5202217168131968,0.9066513761467889
2012-04-03,0.4899227154222519,0.892545871559633
2012-04-04,0.4405884158522034,0.8639908256880733
2012-04-05,0.4738717357723739,0.8841743119266054
2012-04-09,0.39682414573301145,0.8745412844036697
2012-04-10,0.4329844094896156,0.859288990825688
2012-04-11,0.4547037636939276,0.8769495412844035
2012-04-12,0.4982101396661851,0.8887614678899083
2012-04-13,0.4826755239636077,0.8790137614678899
2012-04-16,0.4525828035407414,0.8799311926605504
2012-04-17,0.4530813456472553,0.894954128440367
2012-04-18,0.41953002151745006,0.876834862385321
2012-04-19,0.41185920704117,0.8737385321100917
2012-04-20,0.4294849780495645,0.8875
2012-04-23,0.3903107122494485,0.8771788990825689
2012-04-24,0.3826182573531161,0.8819954128440366
2012-04-25,0.4357208073270341,0.8891055045871559
2012-04-26,0.4869747570189354,0.8987385321100918
2012-04-27,0.4598845123036394,0.9021788990825688
2012-04-30,0.38952474247873264,0.9025229357798166
2012-05-01,0.4078788995570068,0.9172018348623854
2012-05-02,0.3923273625632686,0.9066513761467889
2012-05-03,0.411770175325444,0.8758027522935781
2012-05-04,0.4513339937591805,0.8291284403669723
2012-05-07,0.4709028409372581,0.8219036697247706
2012-05-08,0.5086920975248534,0.813532110091743
2012-05-09,0.4703659900843408,0.8097477064220182
2012-05-10,0.47693168769704475,0.8131880733944954
2012-05-11,0.4414914275655545,0.8009174311926606
2012-05-14,0.41524562546892174,0.7862385321100918
2012-05-15,0.4508418952954854,0.7772935779816514
2012-05-16,0.47934001714107843,0.7636467889908256
2012-05-17,0.5142449941122005,0.7607798165137614
2012-05-18,0.5334674786491045,0.7490825688073395
2012-05-21,0.5158062975608697,0.7612385321100916
2012-05-22,0.5154005936627872,0.7482798165137614
2012-05-23,0.550362833688939,0.7248853211009174
2012-05-24,0.5198033992753393,0.7358944954128439
2012-05-25,0.5111392192073987,0.739105504587156
2012-05-29,0.4184293277805915,0.7403669724770643
2012-05-30,0.416406667733841,0.7064220183486238
2012-05-31,0.39184360003208857,0.6918577981651375
2012-06-01,0.39621129645095315,0.6534403669724771
2012-06-04,0.4414526664980924,0.6623853211009174
2012-06-05,0.4913010531881438,0.6665137614678898
2012-06-06,0.4765576844141984,0.6749999999999998
2012-06-07,0.47990243616173256,0.6719036697247707
2012-06-08,0.5001003140593294,0.6638761467889907
2012-06-11,0.44819459280798213,0.6466743119266054
2012-06-12,0.49110573692370474,0.6555045871559633
2012-06-13,0.4960817869968982,0.6464449541284403
2012-06-14,0.5157848018328078,0.6610091743119264
2012-06-15,0.5391527395145741,0.6633027522935779
2012-06-18,0.4972204188522208,0.6544724770642201
2012-06-19,0.5061050347740994,0.6628440366972477
2012-06-20,0.47945319541312625,0.629243119266055
2012-06-21,0.43225012274835206,0.5931192660550457
2012-06-22,0.4856366645243945,0.6094036697247704
2012-06-25,0.4901812725749987,0.6028669724770641
2012-06-26,0.5043405140014057,0.6095183486238531
2012-06-27,0.4723550138058865,0.620183486238532
2012-06-28,0.4885981238547904,0.5909403669724771
2012-06-29,0.39767597510311686,0.6748853211009174
2012-07-02,0.34370891860916364,0.6597477064220183
2012-07-03,0.3414170350193064,0.7058486238532109
2012-07-05,0.31696508694732706,0.6986238532110092
2012-07-06,0.21175079848148814,0.6672018348623854
2012-07-09,0.3134453508436087,0.685091743119266
2012-07-10,0.3686189518658479,0.6620412844036696
2012-07-11,0.3351643800441086,0.6845183486238531
2012-07-12,0.3923798691352096,0.686123853211009
2012-07-13,0.3928912973278966,0.6990825688073394
2012-07-16,0.35891680116359004,0.7135321100917431
2012-07-17,0.3641178267669226,0.7211009174311926
2012-07-18,0.4392047838576045,0.7303899082568808
2012-07-19,0.45981082621609726,0.7636467889908256
2012-07-20,0.48314738788920253,0.7496559633027522
2012-07-23,0.41644583294031295,0.7061926605504587
2012-07-24,0.448757154184411,0.7120412844036696
2012-07-25,0.4451387884992894,0.7180045871559633
2012-07-26,0.41643249817341726,0.7248853211009174
2012-07-27,0.40402808870683704,0.7332568807339448
2012-07-30,0.2974204233591915,0.72947247706422
2012-07-31,0.2725867890790211,0.7097477064220183
2012-08-01,0.30226890768108494,0.7201834862385321
2012-08-02,0.2698167614804552,0.6998853211009175
2012-08-03,0.2609205438681107,0.7478211009174311
2012-08-06,0.12231655537329522,0.7581422018348623
2012-08-07,0.13667742616050094,0.7739678899082569
2012-08-08,0.14129576361839857,0.7706422018348624
2012-08-09,0.21424301263689483,0.7706422018348624
2012-08-10,0.16759979765781674,0.7654816513761467
2012-08-13,0.169642794259531,0.7634174311926605
2012-08-14,0.21048409577402305,0.7707568807339451
2012-08-15,0.2505468300162722,0.7816513761467889
2012-08-16,0.27751782904619415,0.7966743119266055
2012-08-17,0.28648974938981164,0.8005733944954128
2012-08-20,0.3142731996604303,0.8009174311926606
2012-08-21,0.33880590808850813,0.806880733944954
2012-08-22,0.3466332713844675,0.8107798165137614
2012-08-23,0.38790407399395477,0.7990825688073395
2012-08-24,0.33276019735298307,0.7980504587155963
2012-08-27,0.28621989892399935,0.7952981651376148
2012-08-28,0.2999499738413126,0.8040137614678899
2012-08-29,0.30040888659254794,0.7948394495412843
2012-08-30,0.28658898723789905,0.7846330275229358
2012-08-31,0.2418000741134062,0.8059633027522934
2012-09-04,0.27032749329972483,0.7930045871559632
2012-09-05,0.2672347485939882,0.793348623853211
2012-09-06,0.2979864793624848,0.795756880733945
2012-09-07,0.2294060779658219,0.805275229357798
2012-09-10,0.2127762326583611,0.8065366972477064
2012-09-11,0.2566352896322358,0.8123853211009173
2012-09-12,0.32825983986241747,0.8122706422018349
2012-09-13,0.3676702010962099,0.8269495412844037
2012-09-14,0.29374117814942924,0.8342889908256881
2012-09-17,0.2274305368134253,0.8064220183486239
2012-09-18,0.24460153601997436,0.7919724770642202
2012-09-19,0.2313654801427667,0.7543577981651375
2012-09-20,0.24190411254543953,0.7563073394495412
2012-09-21,0.2855480024356981,0.7620412844036697
2012-09-24,0.31649011279600714,0.7510321100917432
2012-09-25,0.34130023753687067,0.7440366972477064
2012-09-26,0.3634174760007326,0.730848623853211
2012-09-27,0.3894045216647398,0.753440366972477
2012-09-28,0.35703120215470036,0.7567660550458717
2012-10-01,0.2619276891838036,0.7597477064220184
2012-10-02,0.28205603399445334,0.7533256880733945
2012-10-03,0.3282502348639933,0.7110091743119265
2012-10-04,0.35957691978352085,0.7511467889908257
2012-10-05,0.3200371981898422,0.7302752293577981
2012-10-08,0.19595533790752573,0.7252293577981652
2012-10-09,0.2650560538884281,0.7595183486238533
2012-10-10,0.3095705901944473,0.7459862385321101
2012-10-11,0.3643693952437669,0.7568807339449541
2012-10-12,0.425121794767983,0.7527522935779816
2012-10-15,0.38144101898739646,0.7528669724770642
2012-10-16,0.36564437125708665,0.7555045871559631
2012-10-17,0.3806344783908858,0.7551605504587156
2012-10-18,0.4042726093799918,0.7547018348623853
2012-10-19,0.35649581758025917,0.7317660550458716
2012-10-22,0.330446149768025,0.7122706422018348
2012-10-23,0.36302597930731045,0.6933486238532109
2012-10-24,0.3546080819601136,0.6788990825688073
2012-10-25,0.37603476955114357,0.6811926605504586
2012-10-26,0.3400119159151878,0.6840596330275228
2012-10-29,0.2688036104922963,0.6803899082568807
2012-10-30,0.298135508283098,0.6818807339449542
2012-10-31,0.31267276112498943,0.6885321100917432
2012-11-01,0.3771748115394642,0.6979357798165136
2012-11-02,0.30287546163684365,0.6732798165137615
2012-11-05,0.35800468070317826,0.6817660550458715
2012-11-06,0.38346228416976585,0.7159403669724771
2012-11-07,0.37829005207207317,0.6686926605504586
2012-11-08,0.43074749590703404,0.675229357798165
2012-11-09,0.38660588559632736,0.6868119266055044
2012-11-12,0.3840671321382317,0.680848623853211
2012-11-13,0.39008134026982383,0.6787844036697246
2012-11-14,0.39970336577397714,0.6895642201834862
2012-11-15,0.37715943666047247,0.6795871559633027
2012-11-16,0.3309634613945069,0.6930045871559634
2012-11-19,0.298712555574158,0.7208715596330275
2012-11-20,0.32147796205504764,0.6911697247706421
2012-11-21,0.2463148363101808,0.6982798165137614
2012-11-23,0.20751983548466857,0.6974770642201835
2012-11-26,0.2230434481937439,0.7005733944954129
2012-11-27,0.25791017914292724,0.695183486238532
2012-11-28,0.27178301310394715,0.6870412844036695
2012-11-29,0.33763078569103316,0.7047018348623852
2012-11-30,0.30936541587872235,0.7150229357798166
2012-12-03,0.3404209213886854,0.7167431192660549
2012-12-04,0.3508568349649383,0.7092889908256881
2012-12-05,0.3568722800248112,0.7014908256880734
2012-12-06,0.4041357607826974,0.6798165137614678
2012-12-07,0.3981046523846735,0.6795871559633027
2012-12-10,0.4751727997906826,0.676032110091743
2012-12-11,0.4751776141648601,0.6785550458715595
2012-12-12,0.48802465593517674,0.6899082568807338
2012-12-13,0.48576188754758043,0.6788990825688073
2012-12-14,0.561677399736547,0.6895642201834862
2012-12-17,0.4879761677635397,0.6940366972477063
2012-12-18,0.48754135248282815,0.7026376146788991
2012-12-19,0.5001560643567751,0.7213302752293578
2012-12-20,0.5017198500587856,0.72901376146789
2012-12-21,0.5316586140898412,0.7111238532110091
2012-12-24,0.48897158541727725,0.7121559633027523
2012-12-26,0.534683501230352,0.7399082568807338
2012-12-27,0.5472336346691428,0.7422018348623853
2012-12-28,0.5147318629519206,0.7393348623853211
2012-12-31,0.49463811838919663,0.7527522935779816
2013-01-02,0.5787434013641785,0.7677752293577982
2013-01-03,0.5634323860546795,0.7658256880733945
2013-01-04,0.5141567389740194,0.767545871559633
2013-01-07,0.4828905763880839,0.7684633027522936
2013-01-08,0.516206019992884,0.768577981651376
2013-01-09,0.5231304148796221,0.7670871559633028
2013-01-10,0.5761069109976106,0.7754587155963302
2013-01-11,0.536281119628361,0.7730504587155962
2013-01-14,0.5519158541222267,0.7807339449541284
2013-01-15,0.5747830110496253,0.769151376146789
2013-01-16,0.5872690800439736,0.7808486238532111
2013-01-17,0.6478030621701812,0.7947247706422018
2013-01-18,0.4494740142284349,0.7961009174311926
2013-01-22,0.544254262443303,0.801605504587156
2013-01-23,0.547126613098397,0.7897935779816514
2013-01-24,0.5448913480611344,0.7931192660550457
2013-01-25,0.5398481044920453,0.7908256880733946
2013-01-28,0.6022626419328425,0.8
2013-01-29,0.6123488445799746,0.819151376146789
2013-01-30,0.5988545303635482,0.8232798165137616
2013-01-31,0.5607338020425017,0.8194954128440368
2013-02-01,0.5730715291363959,0.8173165137614677
2013-02-04,0.6094391411597307,0.8029816513761467
2013-02-05,0.611458886759984,0.8083715596330276
2013-02-06,0.5808570985308937,0.8056192660550459
2013-02-07,0.6098319041190932,0.7987385321100917
2013-02-08,0.5334973649465894,0.7972477064220183
2013-02-11,0.5010936927818928,0.8121559633027524
2013-02-12,0.4826372352432537,0.8175458715596331
2013-02-13,0.49372020554375184,0.8123853211009173
2013-02-14,0.4633091345830822,0.8154816513761467
2013-02-15,0.47747912293383227,0.8
2013-02-19,0.48139736511486636,0.8084862385321101
2013-02-20,0.5009821627027378,0.7881880733944955
2013-02-21,0.4982690501580678,0.7637614678899083
2013-02-22,0.4994322648043077,0.767545871559633
2013-02-25,0.489330516313412,0.7631880733944953
2013-02-26,0.5068686754348621,0.761926605504587
2013-02-27,0.4753849643584152,0.7643348623853212
2013-02-28,0.4987783346660848,0.7550458715596331
2013-03-01,0.44140389805871055,0.7399082568807338
2013-03-04,0.3720259398576496,0.7332568807339448
2013-03-05,0.381128045474009,0.7418577981651375
2013-03-06,0.42329721487386407,0.7371559633027522
2013-03-07,0.4811738860189021,0.7493119266055046
2013-03-08,0.45862624293933774,0.754816513761468
2013-03-11,0.45288680748183,0.7555045871559631
2013-03-12,0.5068030323843371,0.7597477064220184
2013-03-13,0.552021171629713,0.760091743119266
2013-03-14,0.5674570287593566,0.7665137614678899
2013-03-15,0.5009399401518713,0.7717889908256881
2013-03-18,0.5091496652449837,0.7743119266055045
2013-03-19,0.4952535898653109,0.7597477064220184
2013-03-20,0.4996189827141377,0.768577981651376
2013-03-21,0.4976789987918039,0.7599770642201833
2013-03-22,0.4404509080848939,0.7708715596330276
2013-03-25,0.4470160965187902,0.7839449541284402
2013-03-26,0.4487375847585385,0.8004587155963301
2013-03-27,0.428094888623935,0.8066513761467891
2013-03-28,0.45822900038560616,0.8147935779816513
2013-04-01,0.5596369898979214,0.8131880733944954
2013-04-02,0.525376969837389,0.8146788990825689
2013-04-03,0.5169239043918205,0.7893348623853211
2013-04-04,0.5023178543882977,0.769151376146789
2013-04-05,0.3974875251894359,0.7634174311926605
2013-04-08,0.4473858833350702,0.7702981651376146
2013-04-09,0.4893766431612587,0.7797018348623854
2013-04-10,0.4930610818994438,0.7844036697247707
2013-04-11,0.48364126318818024,0.7712155963302751
2013-04-12,0.331180183123715,0.7458715596330276
2013-04-15,0.3810971681573498,0.7174311926605503
2013-04-16,0.3602707863919964,0.7172018348623854
2013-04-17,0.38358328379049983,0.6933486238532109
2013-04-18,0.4087594375142449,0.7068807339449541
2013-04-19,0.30072223316830815,0.7092889908256881
2013-04-22,0.3425132328893381,0.718119266055046
2013-04-23,0.3672648747987104,0.7227064220183486
2013-04-24,0.4065906295626488,0.7440366972477064
2013-04-25,0.4570090634908362,0.7692660550458714
2013-04-26,0.5100695404330071,0.761926605504587
2013-04-29,0.5259804655793582,0.7786697247706422
2013-04-30,0.543000085915847,0.7686926605504587
2013-05-01,0.5073994956373976,0.7402522935779816
2013-05-02,0.54354287025253,0.7741972477064221
2013-05-03,0.5818354598609565,0.7919724770642202
2013-05-06,0.5910424318868914,0.7982798165137615
2013-05-07,0.5957208761890943,0.7923165137614678
2013-05-08,0.5939385706030036,0.8033256880733943
2013-05-09,0.5948871763561071,0.801605504587156
2013-05-10,0.6110311708493679,0.7983944954128441
2013-05-13,0.5279993243875534,0.7863532110091744
2013-05-14,0.4965773343772101,0.7771788990825688
2013-05-15,0.5008892464927376,0.7770642201834863
2013-05-16,0.48418335144802593,0.7873853211009174
2013-05-17,0.5289858654830915,0.7973623853211009
2013-05-20,0.5450065967715898,0.8038990825688075
2013-05-21,0.5505605879104929,0.7954128440366972
2013-05-22,0.5269589397703568,0.7774082568807339
2013-05-23,0.5416151437110721,0.77901376146789
2013-05-24,0.5370080353459108,0.775802752293578
2013-05-28,0.5381443553480243,0.7850917431192661
2013-05-29,0.5217576925962072,0.7676605504587155
2013-05-30,0.5189170020156106,0.7727064220183486
2013-05-31,0.3962153913248473,0.7538990825688074
2013-06-03,0.4070984157498908,0.7708715596330276
2013-06-04,0.4287512930482672,0.7702981651376146
2013-06-05,0.46505270626055656,0.7737385321100916
2013-06-06,0.48004463508025186,0.7857798165137613
2013-06-07,0.40010555895135774,0.8018348623853211
2013-06-10,0.4376808688810763,0.7985091743119266
2013-06-11,0.45290916730124464,0.7948394495412843
2013-06-12,0.4765522350843502,0.8003440366972476
2013-06-13,0.47289612731599096,0.8081422018348623
2013-06-14,0.3751147938374512,0.821559633027523
2013-06-17,0.44143995323289004,0.8219036697247706
2013-06-18,0.47443137735212504,0.8287844036697247
2013-06-19,0.5169821392250087,0.8262614678899081
2013-06-20,0.5331054687722321,0.7878440366972477
2013-06-21,0.4085150595875026,0.7754587155963302
2013-06-24,0.4662275465149454,0.7899082568807339
2013-06-25,0.4998271282911141,0.7919724770642202
2013-06-26,0.5331833662085341,0.7944954128440367
2013-06-27,0.536440645944801,0.8120412844036697
2013-06-28,0.49354247476983565,0.8047018348623853
2013-07-01,0.5138484110924431,0.8228211009174311
2013-07-02,0.5724516272606575,0.8424311926605506
2013-07-03,0.5850113912657877,0.8684633027522937
2013-07-05,0.4496290626221031,0.8818807339449541
2013-07-08,0.5683739772132723,0.8811926605504588
2013-07-09,0.584427902056037,0.8861238532110092
2013-07-10,0.5789840133822695,0.919954128440367
2013-07-11,0.6310296925400544,0.9011467889908256
2013-07-12,0.49418648342688887,0.9135321100917431
2013-07-15,0.5332315300278507,0.917545871559633
2013-07-16,0.596295437360001,0.9138761467889907
2013-07-17,0.5970562243495566,0.9197247706422018
2013-07-18,0.5861359897526146,0.9375
2013-07-19,0.4826768688129488,0.9381880733944954
2013-07-22,0.487886411616197,0.9222477064220183
2013-07-23,0.413255057675759,0.9282110091743119
2013-07-29,0.42821053058791725,0.8993119266055045
2013-07-30,0.383014507042317,0.8824541284403669
2013-07-31,0.39791433385480274,0.9049311926605503
2013-08-01,0.46977170429741977,0.9373853211009175
2013-08-02,0.39704716771308535,0.926032110091743
2013-08-05,0.42535184890251443,0.9222477064220183
2013-08-06,0.4355059971254941,0.9074541284403668
2013-08-07,0.31137898011173315,0.8970183486238532
2013-08-08,0.37482353824727144,0.8860091743119265
2013-08-09,0.41163160223829753,0.9157110091743119
2013-08-13,0.3904370960403559,0.924197247706422
2013-08-14,0.43114290593450616,0.9254587155963303
2013-08-15,0.4926717003574824,0.9316513761467891
2013-08-16,0.45365114800381157,0.9333715596330274
2013-08-19,0.5144279508609855,0.9283256880733946
2013-08-20,0.5552042403009831,0.902637614678899
2013-08-21,0.545614045056203,0.8915137614678899
2013-08-22,0.5759004739902988,0.9029816513761468
2013-08-23,0.5299767506487165,0.920756880733945
2013-08-26,0.5166233482163685,0.9138761467889907
2013-08-27,0.5013820308810824,0.9509174311926605
2013-08-28,0.5018309935891281,0.9630733944954128
2013-08-29,0.5055031906729297,0.9440366972477063
2013-08-30,0.4171633163630446,0.9379587155963303
2013-09-03,0.42772438791633893,0.9458715596330276
2013-09-04,0.41921900238005233,0.9300458715596331
2013-09-05,0.45439787755744554,0.9439220183486239
2013-09-06,0.3496821290792703,0.9682339449541284
2013-09-09,0.3374969817906628,0.9567660550458716
2013-09-10,0.343588862433328,0.9322247706422018
2013-09-11,0.37295047589811414,0.9341743119266055
2013-09-12,0.41215575807917343,0.9464449541284403
2013-09-13,0.33624249004909745,0.941743119266055
2013-09-16,0.36237166615462435,0.9214449541284404
2013-09-17,0.3968100891427636,0.9079128440366973
2013-09-18,0.434974986205009,0.9408256880733945
2013-09-19,0.4242785799471122,0.9182339449541284
2013-09-20,0.3872627525542887,0.9003440366972477
2013-09-23,0.3923431994661046,0.8879587155963302
2013-09-24,0.4084527133118288,0.8833715596330274
2013-09-25,0.44116950641098945,0.8771788990825689
2013-09-26,0.41652258696969996,0.8819954128440366
2013-09-27,0.386803880890511,0.879243119266055
2013-09-30,0.43521066335017483,0.8735091743119265
2013-10-01,0.452692828624817,0.8704128440366972
2013-10-02,0.4417259950517528,0.8940366972477065
2013-10-03,0.44099262717857074,0.8841743119266054
2013-10-04,0.3569249024714047,0.8903669724770642
2013-10-07,0.400245717261318,0.8816513761467888
2013-10-08,0.469914870700186,0.8870412844036697
2013-10-09,0.4476462721146697,0.8651376146788989
2013-10-10,0.4756231472469241,0.8817660550458715
2013-10-11,0.35617905453529525,0.8713302752293577
2013-10-14,0.38803323953244395,0.8746559633027522
2013-10-15,0.3844211008128552,0.8596330275229358
2013-10-16,0.39421682617433923,0.8732798165137614
2013-10-17,0.37470782449208584,0.8547018348623854
2013-10-18,0.33667702860905546,0.856422018348624
2013-10-21,0.37907153368236984,0.8381880733944953
2013-10-22,0.38941571354102295,0.8192660550458715
2013-10-23,0.4136015386452205,0.8108944954128441
2013-10-24,0.47662101415012925,0.8080275229357798
2013-10-25,0.4443312228300686,0.8166284403669726
2013-10-28,0.43278176242127436,0.8319954128440366
2013-10-29,0.46722012112741884,0.8268348623853212
2013-10-30,0.47029849232767257,0.8098623853211009
2013-10-31,0.4615422403903879,0.8038990825688075
2013-11-01,0.3891541798979218,0.7840596330275229
2013-11-04,0.4663364062205605,0.784288990825688
2013-11-05,0.4913399514319875,0.7707568807339451
2013-11-06,0.5382524704966978,0.7861238532110091
2013-11-07,0.5064677423027126,0.7805045871559633
2013-11-08,0.43783745111077416,0.7840596330275229
2013-11-11,0.43927844648579584,0.7905963302752292
2013-11-12,0.43735637615161593,0.767545871559633
2013-11-13,0.42627097970920064,0.7766055045871558
2013-11-14,0.4100510000217246,0.7748853211009175
2013-11-15,0.30657513407606773,0.7753440366972477
2013-11-18,0.27696644031684725,0.7665137614678899
2013-11-19,0.302449716210617,0.770183486238532
2013-11-20,0.34939350557338567,0.7700688073394495
2013-11-21,0.3698741752114572,0.7931192660550457
2013-11-22,0.3572240908930392,0.7837155963302753
2013-11-25,0.3075711081906667,0.7760321100917431
2013-11-26,0.34697783500393076,0.7708715596330276
2013-11-27,0.40111254115760203,0.755275229357798
2013-11-29,0.39571017694653626,0.7610091743119265
2013-12-02,0.419350859235572,0.7731651376146789
2013-12-03,0.4669270815226009,0.798623853211009
2013-12-04,0.46998998251053314,0.8116972477064219
2013-12-05,0.46298514272281704,0.8136467889908257
2013-12-06,0.40599033193430445,0.8175458715596331
2013-12-09,0.43289093453394034,0.8131880733944954
2013-12-10,0.43299102800837047,0.8271788990825688
2013-12-11,0.477001324294798,0.814908256880734
2013-12-12,0.5374609167893091,0.8144495412844035
2013-12-13,0.4705517345393339,0.8036697247706421
2013-12-16,0.45659505805327794,0.8141055045871559
2013-12-17,0.5109171690703888,0.8119266055045871
2013-12-18,0.5555616187998758,0.8188073394495412
2013-12-19,0.5854541818947945,0.8280963302752293
2013-12-20,0.5491173361059879,0.8362385321100918
2013-12-23,0.5245776345315825,0.830619266055046
2013-12-24,0.6522644138644765,0.83348623853211
2013-12-26,0.6976619237346255,0.8370412844036699
2013-12-27,0.6445083595161236,0.8457568807339448
2013-12-30,0.5550210623176461,0.8338302752293578
2013-12-31,0.47905400012154503,0.8254587155963302
2014-01-02,0.5970889091245744,0.7907110091743119
2014-01-03,0.5416622677420211,0.7737385321100916
2014-01-06,0.4500233673583712,0.767545871559633
2014-01-07,0.47773442182970605,0.7697247706422019
2014-01-08,0.5059936885894843,0.7535550458715596
2014-01-09,0.526264884983574,0.7473623853211009
2014-01-10,0.49133399456497495,0.7591743119266054
2014-01-13,0.428261773867834,0.7483944954128441
2014-01-14,0.471691802978901,0.7564220183486239
2014-01-15,0.5199095614651735,0.7751146788990826
2014-01-16,0.5284838334025925,0.772362385321101
2014-01-17,0.4922134473702812,0.7771788990825688
2014-01-21,0.48815567758213674,0.7834862385321102
2014-01-22,0.531409690318119,0.8045871559633027
2014-01-23,0.5767955428077463,0.8146788990825689
2014-01-24,0.5716815639865148,0.8081422018348623
2014-01-27,0.569670065988778,0.7985091743119266
2014-01-28,0.6101601936180088,0.8176605504587156
2014-01-29,0.6395845452270015,0.8159403669724772
2014-01-30,0.6561523417198494,0.8263761467889907
2014-01-31,0.6091510829635425,0.8183486238532109
2014-02-03,0.5653059977039008,0.8056192660550459
2014-02-04,0.5528648730660105,0.8147935779816513
2014-02-05,0.5672246260824765,0.8166284403669726
2014-02-06,0.6196271790090149,0.8216743119266054
2014-02-07,0.5261182832652782,0.8462155963302753
2014-02-10,0.5211140120248772,0.8478211009174312
2014-02-11,0.5556544237164276,0.84598623853211
2014-02-12,0.5904138267774515,0.8508027522935779
2014-02-13,0.6223030751082761,0.8495412844036696
2014-02-14,0.5818961108948707,0.8500000000000001
2014-02-18,0.6112778975384101,0.8755733944954129
2014-02-19,0.6337641013540618,0.8861238532110092
2014-02-20,0.6223689930825331,0.8831422018348625
2014-02-21,0.5660872842147039,0.8754587155963303
2014-02-24,0.5731993542081204,0.8827981651376147
2014-02-25,0.6015856538124107,0.8716743119266055
2014-02-26,0.6342001258342659,0.8800458715596331
2014-02-27,0.6483699419012804,0.8771788990825689
2014-02-28,0.5543758837217876,0.8794724770642202
2014-03-03,0.5590452007045987,0.9076834862385321
2014-03-04,0.579055663672508,0.8881880733944953
2014-03-05,0.5810390392685687,0.8665137614678899
2014-03-06,0.5956853923280252,0.8673165137614678
2014-03-07,0.5862668635684058,0.8787844036697248
2014-03-10,0.5666994137270236,0.8623853211009174
2014-03-11,0.6054175468874162,0.849770642201835
2014-03-12,0.5856346595555451,0.8268348623853212
2014-03-13,0.5958826148593445,0.8300458715596328
2014-03-14,0.5309063856825118,0.8376146788990826
2014-03-17,0.5077797099252346,0.8284403669724771
2014-03-18,0.5333319856899581,0.847362385321101
2014-03-19,0.5662667971572124,0.8545871559633027
2014-03-20,0.6254492957785704,0.8427752293577981
2014-03-21,0.526153645831404,0.8461009174311926
2014-03-24,0.5084843926238058,0.8470183486238532
2014-03-25,0.592798769238072,0.842545871559633
2014-03-26,0.6003197856710414,0.853440366972477
2014-03-27,0.6362572340100514,0.8607798165137615
2014-03-28,0.5923220955926995,0.8662844036697248
2014-03-31,0.6365879908655963,0.8644495412844035
2014-04-01,0.6571605845757336,0.8428899082568806
2014-04-02,0.6750976788759788,0.8418577981651376
2014-04-03,0.6834476001121739,0.849770642201835
2014-04-04,0.625181284231633,0.8597477064220183
2014-04-07,0.511245066254163,0.8513761467889909
2014-04-08,0.5131171303110769,0.8759174311926605
2014-04-09,0.4669721985718714,0.8871559633027521
2014-04-10,0.4562921128884667,0.885091743119266
2014-04-11,0.3962206950371971,0.8886467889908258
2014-04-14,0.2939408454925524,0.8928899082568806
2014-04-15,0.2622686488441185,0.8888761467889907
2014-04-16,0.23410083207407673,0.8889908256880732
2014-04-17,0.2394555733827246,0.8961009174311927
2014-04-21,0.18945487298312436,0.8963302752293576
2014-04-22,0.19257415923832,0.8658256880733943
2014-04-23,0.19869391297908967,0.8633027522935779
2014-04-24,0.25094856159464807,0.8716743119266055
2014-04-25,0.16391947249339156,0.8561926605504586
2014-04-28,0.24657699134718458,0.8594036697247704
2014-04-29,0.3024571234027623,0.8643348623853211
2014-04-30,0.36447082994799374,0.8472477064220183
2014-05-01,0.40882531656945276,0.8428899082568806
2014-05-02,0.3890409793653215,0.8474770642201834
2014-05-05,0.4217026768041912,0.8434633027522935
2014-05-06,0.37145640003004915,0.8442660550458716
2014-05-07,0.43143733275213586,0.8586009174311926
2014-05-08,0.4698969694660356,0.8524082568807339
2014-05-09,0.445602207967315,0.8501146788990825
2014-05-12,0.42100964683892833,0.8566513761467889
2014-05-13,0.44343580896637796,0.8694954128440366
2014-05-14,0.47968564199680885,0.8766055045871559
2014-05-15,0.5266739394608699,0.8663990825688073
2014-05-16,0.5166576091321298,0.8729357798165138
2014-05-19,0.4560457063197284,0.8802752293577982
2014-05-20,0.4885445844153102,0.8785550458715596
2014-05-21,0.49309873849990066,0.8958715596330276
2014-05-22,0.5260484880330839,0.8926605504587155
2014-05-23,0.5583487697580345,0.9038990825688074
2014-05-27,0.5504746543419929,0.9012614678899082
2014-05-28,0.5757971102190311,0.885091743119266
2014-05-29,0.5649262243598949,0.8952981651376146
2014-05-30,0.4411114711509667,0.8854357798165138
2014-06-02,0.4846717716619897,0.8816513761467888
2014-06-03,0.506980353835355,0.8847477064220184
2014-06-04,0.5146406680655545,0.8839449541284403
2014-06-05,0.562982127706895,0.8827981651376147
2014-06-06,0.5318642319868058,0.884518348623853
2014-06-09,0.5410714609744633,0.9048165137614679
2014-06-10,0.5759621162209165,0.9040137614678898
2014-06-11,0.5921660082173588,0.9042431192660552
2014-06-12,0.6146584496900542,0.9290137614678899
2014-06-13,0.5919748267051692,0.9323394495412842
2014-06-16,0.5686168549976621,0.932683486238532
2014-06-17,0.575597275535538,0.9261467889908257
2014-06-18,0.6000447964117568,0.9225917431192661
2014-06-19,0.639373907819818,0.9276376146788989
2014-06-20,0.6179562036774867,0.9376146788990825
2014-06-23,0.5440038220500159,0.9247706422018347
2014-06-24,0.5509556655443982,0.9225917431192661
2014-06-25,0.572694054312417,0.9271788990825689
2014-06-26,0.5442546805202504,0.9208715596330275
2014-06-27,0.44135918563564186,0.9205275229357797
2014-06-30,0.41372248951836826,0.9160550458715595
2014-07-01,0.46735984254514634,0.915940366972477
2014-07-02,0.5024890318317636,0.9058486238532111
2014-07-03,0.5284622139723685,0.9010321100917431
2014-07-07,0.4258020604731456,0.8944954128440366
2014-07-08,0.4766278031366362,0.8930045871559633
2014-07-09,0.5242486385188903,0.8800458715596331
2014-07-10,0.5264877926575866,0.8878440366972478
2014-07-11,0.4991700735327909,0.8634174311926606
2014-07-14,0.43164423881235436,0.8662844036697248
2014-07-15,0.4749388757567267,0.8528669724770641
2014-07-16,0.4564832239987152,0.8680045871559632
2014-07-17,0.4436762691158236,0.8904816513761469
2014-07-18,0.4007967091899847,0.8903669724770642
2014-07-21,0.3424271004792226,0.9076834862385321
2014-07-22,0.40513671556080183,0.8990825688073394
2014-07-23,0.4408650447276528,0.8901376146788991
2014-07-24,0.4427852390829887,0.8780963302752294
2014-07-25,0.39425686034556046,0.9064220183486238
2014-07-28,0.40642477499481,0.9115825688073396
2014-07-29,0.44354511460317114,0.9027522935779815
2014-07-30,0.500022103316432,0.8956422018348624
2014-07-31,0.5273252551096271,0.8261467889908256
2014-08-01,0.5193050054337642,0.8219036697247706
2014-08-04,0.5138485159095787,0.8264908256880734
2014-08-05,0.5527529458062566,0.8159403669724772
2014-08-06,0.5820488018746819,0.8112385321100919
2014-08-07,0.5978769377260704,0.8159403669724772
2014-08-08,0.4972400762005258,0.8190366972477063
2014-08-11,0.4498885734413222,0.8245412844036697
2014-08-12,0.48287207065034904,0.8161697247706421
2014-08-13,0.4932445375335413,0.8185779816513761
2014-08-14,0.4825473713751723,0.7952981651376148
2014-08-15,0.47188209505609124,0.8154816513761467
2014-08-18,0.40096694421419443,0.8056192660550459
2014-08-19,0.4195206638566756,0.7816513761467889
2014-08-20,0.4237779815660227,0.8051605504587156
2014-08-21,0.416481363812143,0.7772935779816514
2014-08-22,0.3399922620620414,0.7731651376146789
2014-08-25,0.31421402696516476,0.7935779816513762
2014-08-26,0.3620047681754511,0.7980504587155963
2014-08-27,0.3920172996510418,0.7985091743119266
2014-08-28,0.36810460722033345,0.8056192660550459
2014-08-29,0.3768596500493907,0.8219036697247706
2014-09-02,0.2885191779968954,0.7652522935779817
2014-09-03,0.3086093739630873,0.7948394495412843
2014-09-04,0.2731773679858436,0.7834862385321102
2014-09-05,0.32280082624568324,0.7698394495412844
2014-09-08,0.3534742695041807,0.7620412844036697
2014-09-09,0.40422670459590615,0.7630733944954129
2014-09-10,0.4496020813132756,0.7513761467889908
2014-09-11,0.45724394506492655,0.7649082568807339
2014-09-12,0.46028872087044415,0.7567660550458717
2014-09-15,0.4256786070831975,0.7645642201834861
2014-09-16,0.4510182670732169,0.7880733944954128
2014-09-17,0.4574114375155677,0.7814220183486238
2014-09-18,0.4271220096274356,0.7669724770642201
2014-09-19,0.3806787528918254,0.7596330275229359
2014-09-22,0.3579619353609308,0.7485091743119265
2014-09-23,0.39971576334609527,0.7495412844036697
2014-09-24,0.389675934667691,0.7730504587155962
2014-09-25,0.36561932040727524,0.7729357798165137
2014-09-26,0.3356101993875002,0.7954128440366972
2014-09-29,0.2550837757154665,0.7837155963302753
2014-09-30,0.316598231985076,0.745183486238532
2014-10-01,0.37381513068546446,0.7402522935779816
2014-10-02,0.3930706365661243,0.7434633027522934
2014-10-03,0.32972142357772244,0.72901376146789
2014-10-06,0.36786589393084934,0.7355504587155963
2014-10-07,0.38283096107014936,0.7190366972477065
2014-10-08,0.41394419665750815,0.7006880733944956
2014-10-09,0.42108255864758776,0.6831422018348623
2014-10-10,0.37906284871550244,0.6844036697247706
2014-10-13,0.3680906697928127,0.6827981651376147
2014-10-14,0.4265049991183175,0.6368119266055046
2014-10-15,0.45392726759862756,0.6379587155963302
2014-10-16,0.47213046855948315,0.6438073394495412
2014-10-17,0.39992721195444997,0.6491972477064218
2014-10-20,0.5084778361079251,0.6487385321100918
2014-10-21,0.536135532220736,0.6543577981651376
2014-10-22,0.5461444716254134,0.6230504587155963
2014-10-23,0.6628858198673063,0.6493119266055045
2014-10-27,0.6651895267985274,0.6315366972477063
2014-10-28,0.6858961186127471,0.632683486238532
2014-10-30,0.5952593332936897,0.629243119266055
2014-10-31,0.4473597657517198,0.623165137614679
2014-11-03,0.22547554653377377,0.6029816513761468
2014-11-04,0.23897400438563854,0.5844036697247705
2014-11-05,0.28154085569007603,0.6022935779816512
2014-11-06,0.31712394031298696,0.5926605504587157
2014-11-07,0.3223547652671199,0.6022935779816512
2014-11-10,0.37013570732418094,0.5876146788990826
2014-11-11,0.42236427812055993,0.5924311926605503
2014-11-12,0.4306233697042431,0.5845183486238532
2014-11-13,0.4510637193066645,0.5497706422018347
2014-11-14,0.44158385738103795,0.570183486238532
2014-11-17,0.416972235086474,0.5670871559633026
2014-11-18,0.4287838350753611,0.5545871559633027
2014-11-19,0.4445568041274971,0.5545871559633027
2014-11-20,0.47201222233794676,0.5669724770642202
2014-11-21,0.3458892495466638,0.5771788990825688
2014-11-24,0.3486963240631943,0.5682339449541283
2014-11-25,0.3621937583439624,0.5487385321100917
2014-11-26,0.4152684624254473,0.5448394495412843
2014-11-28,0.46713159859017567,0.45584862385321095
2014-12-01,0.46877874988120216,0.49071100917431193
2014-12-02,0.479868438384801,0.46788990825688065
2014-12-03,0.5403600189048214,0.4714449541284403
2014-12-04,0.5738557936703056,0.46490825688073395
2014-12-05,0.5078790274253053,0.45527522935779813
2014-12-08,0.5617045293669227,0.4236238532110092
2014-12-09,0.6121416709226233,0.4306192660550458
2014-12-10,0.640297914982443,0.39908256880733944
2014-12-11,0.6625921617111223,0.3878440366972476
2014-12-12,0.6523213840260988,0.36261467889908255
2014-12-15,0.5174662839440742,0.3413990825688073
2014-12-16,0.5409653747391971,0.34151376146788986
2014-12-17,0.5031726336484454,0.346788990825688
2014-12-18,0.498367631668034,0.32098623853211
2014-12-19,0.4740415721648557,0.35229357798165134
2014-12-22,0.5247482033904767,0.33325688073394494
2014-12-23,0.554405663433593,0.350802752293578
2014-12-26,0.23904091043104914,0.3256880733944954
2014-12-29,0.2882864784993471,0.3127293577981651
2014-12-30,0.27897996703504,0.32052752293577974
2014-12-31,0.3510995865815328,0.3126146788990825
2015-01-02,0.400992056830303,0.304243119266055
2015-01-05,0.3690320851875451,0.27362385321100907
2015-01-06,0.4327833400383635,0.24988532110091738
2015-01-07,0.5062975757247858,0.25802752293577974
2015-01-08,0.5140890513057179,0.25928899082568796
2015-01-09,0.5722790519208603,0.2541284403669724
2015-01-12,0.5489243897678537,0.22786697247706417
2015-01-13,0.5965492954034071,0.22626146788990825
2015-01-14,0.5999350365326059,0.25573394495412843
2015-01-15,0.6282906665082321,0.2314220183486238
2015-01-16,0.6338625049364525,0.25573394495412843
2015-01-20,0.5967742476266895,0.23623853211009166
2015-01-21,0.6277518558663915,0.24839449541284403
2015-01-22,0.6301635102247591,0.22637614678899082
2015-01-23,0.42165342200753547,0.21869266055045872
2015-01-26,0.475803725912065,0.2134174311926605
2015-01-27,0.4954202627469179,0.22534403669724773
2015-01-28,0.4996438712933336,0.20516055045871556
2015-01-29,0.46364378243381626,0.20561926605504582
2015-01-30,0.4309933383756068,0.24770642201834864
2015-02-02,0.6000260171309516,0.2644495412844036
2015-02-03,0.5955403576835789,0.3079128440366972
2015-02-04,0.532779107711338,0.2552752293577982
2015-02-05,0.5109024241460768,0.2785550458715596
2015-02-06,0.37673847641600394,0.29208715596330265
2015-02-09,0.3360616101095552,0.3073394495412844
2015-02-10,0.4017842817812141,0.27373853211009175
2015-02-11,0.46999817879522204,0.25928899082568796
2015-02-12,0.5215474786447543,0.28646788990825683
2015-02-13,0.4736712202479665,0.3035550458715595
2015-02-17,0.5654812804721119,0.31387614678899084
2015-02-18,0.6134206047516952,0.29747706422018344
2015-02-19,0.592650864488258,0.285894495412844
2015-02-20,0.525564198328063,0.27247706422018353
2015-02-23,0.4686689962602799,0.26800458715596326
2015-02-24,0.5141699860807323,0.25561926605504576
2015-02-25,0.5371067148410947,0.2759174311926605
2015-02-26,0.5727653957535707,0.2461009174311926
2015-02-27,0.4682439117880064,0.2712155963302752
2015-03-02,0.4926035478190675,0.26834862385321107
2015-03-03,0.5002287375200302,0.2779816513761468
2015-03-04,0.5334033966089033,0.2905963302752293
2015-03-05,0.5186452505281105,0.28176605504587154
2015-03-06,0.5626885074917347,0.2685779816513761
2015-03-09,0.5014411720190637,0.27247706422018353
2015-03-10,0.5115558456762502,0.2549311926605505
2015-03-11,0.4800348559658963,0.250802752293578
2015-03-12,0.5807599571031509,0.24002293577981643
2015-03-13,0.5866033770627459,0.21433486238532112
2015-03-16,0.52945693827177,0.20344036697247708
2015-03-17,0.5315993837742475,0.19724770642201833
2015-03-18,0.5679021283932776,0.21146788990825688
2015-03-19,0.5516168225226792,0.20447247706422017
2015-03-20,0.5937906068632963,0.22717889908256877
2015-03-23,0.42179733284788806,0.24323394495412837
2015-03-24,0.43170656134648366,0.23899082568807334
2015-03-25,0.42997249086805395,0.25871559633027524
2015-03-26,0.4540771645197471,0.2892201834862385
2015-03-27,0.5109309493997336,0.25963302752293577
2015-03-30,0.2349178453292422,0.25768348623853204
2015-03-31,0.29611125436419505,0.24690366972477057
2015-04-01,0.32509638435182775,0.27442660550458714
2015-04-02,0.3553453119839405,0.26307339449541284
2015-04-06,0.4064508665318039,0.2969036697247706
2015-04-07,0.48443237815409296,0.318348623853211
2015-04-08,0.49817692061904195,0.27809633027522934
2015-04-09,0.4631567756956944,0.28211009174311924
2015-04-10,0.5256795947160378,0.29174311926605506
2015-04-13,0.1756239186769537,0.29541284403669726
2015-04-14,0.1651664669130749,0.3108944954128439
2015-04-15,0.22019523044274558,0.3447247706422018
2015-04-16,0.22952096325695603,0.3497706422018348
2015-04-17,0.21968460428536685,0.33853211009174305
2015-04-20,0.26264870206367796,0.3461009174311926
2015-04-21,0.3198570268875528,0.3370412844036697
2015-04-22,0.36815876647349594,0.3438073394495413
2015-04-23,0.4018013864446654,0.34862385321100914
2015-04-24,0.4356445653473295,0.34162844036697243
2015-04-27,0.49946532837088276,0.3368119266055046
2015-04-28,0.5027431196134606,0.35389908256880726
2015-04-29,0.5063481317620848,0.3711009174311926
2015-04-30,0.502280692733984,0.38337155963302744
2015-05-01,0.4653221056613135,0.3774082568807339
2015-05-04,0.4243168948943825,0.37534403669724764
2015-05-05,0.4773673852376704,0.39208715596330274
2015-05-06,0.4990628505938814,0.39839449541284394
2015-05-07,0.5832277996115266,0.3761467889908257
2015-05-08,0.6341761584549126,0.38096330275229345
2015-05-11,0.5604034636416678,0.3788990825688073
2015-05-12,0.5969577681508325,0.39598623853211007
2015-05-13,0.5663286656086806,0.3934633027522935
2015-05-14,0.5848513532154007,0.3864678899082568
2015-05-15,0.554330371518599,0.38463302752293566
2015-05-18,0.4244891128969039,0.38130733944954126
2015-05-19,0.44789891177158464,0.3567660550458715
2015-05-20,0.49259591970722255,0.3758027522935779
2015-05-21,0.48907235397436855,0.3897935779816513
2015-05-22,0.4570044023176687,0.3748853211009174
2015-05-26,0.3040904749673582,0.35665137614678893
2015-05-27,0.3243265369812929,0.3591743119266055
2015-05-28,0.3807716378374787,0.36123853211009166
2015-05-29,0.403005698392852,0.3905963302752293
2015-06-01,0.47703058224161177,0.3904816513761468
2015-06-02,0.5081678243784666,0.40263761467889897
2015-06-03,0.5206228636223388,0.3839449541284404
2015-06-04,0.5064497813617574,0.3647935779816513
2015-06-05,0.5171042192254909,0.3775229357798165
2015-06-08,0.5416881465821883,0.3665137614678899
2015-06-09,0.5963005229080195,0.3894495412844036
2015-06-10,0.622090840119798,0.4033256880733945
2015-06-11,0.6906569799151269,0.3962155963302752
2015-06-12,0.701932400330598,0.3872706422018349
2015-06-15,0.5936184007298547,0.38233944954128435
2015-06-16,0.6208711926442985,0.3878440366972476
2015-06-17,0.6342986146557817,0.3864678899082568
2015-06-18,0.6236286239834877,0.3924311926605503
2015-06-19,0.6076860670597349,0.38337155963302744
2015-06-22,0.5386593137771079,0.3878440366972476
2015-06-23,0.6115955253344602,0.39977064220183484
2015-06-24,0.636304349564889,0.3878440366972476
2015-06-25,0.5906209799987935,0.38302752293577985
2015-06-26,0.6323914084670531,0.38096330275229345
2015-06-29,0.5617813167641865,0.36869266055045874
2015-06-30,0.5634282647330453,0.3817660550458715
2015-07-01,0.5472538688928177,0.35263761467889904
2015-07-02,0.5483264797070274,0.35252293577981647
2015-07-06,0.5346036634980191,0.30149082568807334
2015-07-07,0.4915216847040498,0.29977064220183486
2015-07-08,0.4948758236695144,0.2915137614678898
2015-07-09,0.4839614972746161,0.3047018348623853
2015-07-10,0.5178884531427854,0.30447247706422015
2015-07-13,0.5063232225685212,0.29816513761467883
2015-07-14,0.5372222934895203,0.3080275229357798
2015-07-15,0.5586413178590399,0.28910550458715595
2015-07-16,0.5362355157817709,0.28337155963302746
2015-07-17,0.5162653448717933,0.28314220183486233
2015-07-20,0.4891051970107413,0.2743119266055046
2015-07-21,0.4784950220942714,0.27981651376146793
2015-07-22,0.503172687683292,0.26467889908256886
2015-07-23,0.5100996167935166,0.25137614678899084
2015-07-24,0.5827752393499527,0.24988532110091738
2015-07-27,0.489697537500155,0.24059633027522936
2015-07-28,0.48782539175442824,0.2497706422018348
2015-07-29,0.5222715359036243,0.2589449541284404
2015-07-30,0.521251954244516,0.2561926605504587
2015-07-31,0.5427435781210406,0.23990825688073386
2015-08-03,0.5054872404231642,0.21857798165137615
2015-08-04,0.5199906226637832,0.22431192660550453
2015-08-05,0.5388230438185315,0.21720183486238537
2015-08-06,0.5951456889651079,0.21215596330275227
2015-08-07,0.6251766635812701,0.20275229357798158
2015-08-10,0.4406755532920299,0.21502293577981652
2015-08-11,0.4520394288851203,0.1940366972477064
2015-08-12,0.48745273178975346,0.19529816513761467
2015-08-13,0.48596294765803427,0.18440366972477068
2015-08-14,0.5196698708938315,0.1864678899082569
2015-08-17,0.4345052294779549,0.1805045871559633
2015-08-18,0.4645959552084751,0.1879587155963302
2015-08-19,0.5089432779192173,0.16697247706422014
2015-08-20,0.48166650756631807,0.16983944954128438
2015-08-21,0.4919879286714311,0.16353211009174312
2015-08-24,0.50527681844793,0.13795871559633022
2015-08-25,0.5341996794077594,0.14862385321100913
2015-08-26,0.5355914350161497,0.14116972477064216
2015-08-27,0.5359626335630555,0.186697247706422
2015-08-28,0.5618152593417349,0.2190366972477064
2015-08-31,0.5382284419766142,0.2638761467889908
2015-09-01,0.536363407866105,0.2200688073394495
2015-09-02,0.5225944342859998,0.23061926605504585
2015-09-03,0.5510420587553395,0.2357798165137614
2015-09-04,0.5177084691016193,0.2274082568807339
2015-09-08,0.3827326194239363,0.22626146788990825
2015-09-09,0.4340240854702962,0.2057339449541284
2015-09-10,0.4368646979301595,0.2254587155963303
2015-09-11,0.4455061192162405,0.21284403669724766
2015-09-14,0.36578094842078746,0.205045871559633
2015-09-15,0.43052185718077024,0.21089449541284394
2015-09-16,0.4556194995825558,0.24002293577981643
2015-09-17,0.48422830965492497,0.23784403669724768
2015-09-18,0.4868430153500754,0.2123853211009174
2015-09-21,0.4502639391943597,0.23486238532110087
2015-09-22,0.4513293311087495,0.2291284403669725
2015-09-23,0.3835084803868762,0.21032110091743123
2015-09-24,0.43234774337305315,0.21502293577981652
2015-09-25,0.4736096770245208,0.2220183486238531
2015-09-28,0.48597020910068384,0.20883027522935776
2015-09-29,0.4656263539996347,0.2184633027522936
2015-09-30,0.5140129260185087,0.2163990825688073
2015-10-01,0.49463443597386675,0.21284403669724766
2015-10-02,0.5244723206692199,0.22190366972477066
2015-10-05,0.3415891731271298,0.23038990825688072
2015-10-06,0.31597267244102867,0.2561926605504587
2015-10-07,0.2235937681798088,0.2485091743119266
2015-10-08,0.2912732177635846,0.2668577981651376
2015-10-09,0.45210618013384646,0.2692660550458716
2015-10-12,0.4122834946818118,0.23967889908256884
2015-10-13,0.45194107651325083,0.23520642201834868
2015-10-14,0.483269399639482,0.2344036697247706
2015-10-15,0.5018958468745596,0.23153669724770637
2015-10-16,0.4791883130326081,0.2420871559633027
2015-10-19,0.450200228886873,0.22614678899082558
2015-10-20,0.4724971249423696,0.22534403669724773
2015-10-21,0.5064710940353658,0.21823394495412834
2015-10-22,0.5302088049437186,0.21456422018348614
2015-10-23,0.5454499676061597,0.20321100917431184
2015-10-26,0.5045669613974514,0.19495412844036691
2015-10-27,0.5073976357679011,0.1951834862385321
2015-10-28,0.5185523559862537,0.22637614678899082
2015-10-29,0.547781694800856,0.2274082568807339
2015-10-30,0.542353682203325,0.23405963302752292
2015-11-02,0.47260148273962027,0.22855504587155956
2015-11-03,0.48253600012442804,0.24873853211009173
2015-11-04,0.5245597414203242,0.23084862385321098
2015-11-05,0.5325400051110543,0.21880733944954128
2015-11-06,0.5628080426018104,0.20791284403669724
2015-11-09,0.5277464471350319,0.20275229357798158
2015-11-10,0.5650669445271244,0.20688073394495404
2015-11-11,0.5834404966783516,0.19220183486238535
2015-11-12,0.583631975985059,0.1783256880733945
2015-11-13,0.6212614304385526,0.16628440366972475
2015-11-16,0.5953979715823365,0.17763761467889905
2015-11-17,0.6300237732732269,0.166743119266055
2015-11-18,0.6589991401648008,0.16697247706422014
2015-11-19,0.6432760186479123,0.16467889908256877
2015-11-20,0.627831490068482,0.1513761467889908
2015-11-23,0.5916094687475023,0.15000000000000002
2015-11-24,0.585266204660529,0.1685779816513761
2015-11-25,0.568351524913612,0.17236238532110087
2015-11-27,0.6004827921287095,0.1649082568807339
2015-11-30,0.5211517426924214,0.16330275229357794
2015-12-01,0.5515054929162593,0.16502293577981647
2015-12-02,0.5405700587015325,0.1575688073394495
2015-12-03,0.5535987351727516,0.1707568807339449
2015-12-04,0.5402036257804268,0.15837155963302751
2015-12-07,0.5095069939048215,0.13130733944954126
2015-12-08,0.5584345066277913,0.12924311926605503
2015-12-09,0.5193906840497635,0.1258027522935779
2015-12-10,0.5343586491164196,0.12121559633027518
2015-12-11,0.5674700203540416,0.10848623853211004
2015-12-14,0.5301995296606832,0.11605504587155963
2015-12-15,0.4985196905690724,0.12763761467889906
2015-12-16,0.5238131016448044,0.10733944954128433
2015-12-17,0.5618407930697533,0.10080275229357794
2015-12-18,0.6066325284609358,0.09782110091743118
2015-12-21,0.5671000604043526,0.09587155963302746
2015-12-22,0.5634382768387324,0.11387614678899077
2015-12-23,0.5465029836856518,0.12121559633027518
2015-12-24,0.572614736638398,0.13107798165137607
2015-12-28,0.5788036277482966,0.11662844036697245
2015-12-29,0.5969146805883946,0.13405963302752294
2015-12-30,0.542137695598397,0.11926605504587157
2015-12-31,0.5728204604573472,0.12545871559633026
2016-01-04,0.49881589752383265,0.12178899082568806
2016-01-05,0.5121223378161954,0.11215596330275224
2016-01-06,0.5137544668484053,0.0892201834862385
2016-01-07,0.5651658677468898,0.08142201834862384
2016-01-08,0.6055359747308803,0.08038990825688075
2016-01-11,0.5766427153400101,0.05997706422018351
2016-01-12,0.5558920330679353,0.04850917431192664
2016-01-13,0.5721806376594322,0.04850917431192664
2016-01-14,0.6009816116181603,0.05768348623853209
2016-01-15,0.6238053378355564,0.03738532110091741
2016-01-19,0.491240442305657,0.026146788990825676
2016-01-20,0.48062022832406515,0.005619266055045868
2016-01-21,0.48033614741859515,0.03853211009174312
2016-01-22,0.4009890777144505,0.06743119266055042
2016-01-25,0.40561389984818425,0.04724770642201831
2016-01-26,0.4360903088348933,0.038417431192660556
2016-01-27,0.48430487031957553,0.07029816513761467
2016-01-28,0.47990327513261344,0.08050458715596331
2016-01-29,0.48142317124330447,0.08566513761467887
2016-02-01,0.41432498444582005,0.06227064220183487
2016-02-02,0.4058222609478267,0.04254587155963302
2016-02-03,0.4211639485684098,0.06995412844036697
2016-02-04,0.4418186171905718,0.06238532110091738
2016-02-05,0.4731794641662058,0.053555045871559626
2016-02-08,0.3424302332843325,0.04036697247706422
2016-02-09,0.3528475606888577,0.020298165137614677
2016-02-10,0.42835909519888954,0.015481651376146766
2016-02-11,0.4217055554245114,0.0
2016-02-12,0.42270354625706963,0.03589449541284401
2016-02-16,0.4724170989915472,0.03279816513761469
2016-02-17,0.45140641496222084,0.051490825688073394
2016-02-18,0.44274493526241165,0.05252293577981648
2016-02-19,0.456172124550597,0.03899082568807338
2016-02-22,0.4895988888344043,0.059403669724770625
2016-02-23,0.4980202893368481,0.06479357798165136
2016-02-24,0.5278625646131025,0.047706422018348627
2016-02-25,0.5149129021758262,0.05974770642201832
2016-02-26,0.4968564640651838,0.06261467889908257
2016-02-29,0.5587619170238127,0.07511467889908258
2016-03-01,0.552968357716441,0.09403669724770641
2016-03-02,0.5606225737245558,0.09610091743119265
2016-03-03,0.5555770943800864,0.09598623853211008
2016-03-04,0.5808521198290062,0.11146788990825685
2016-03-07,0.5417645407631624,0.13428899082568801
2016-03-08,0.5052247961784305,0.12018348623853209
2016-03-09,0.5199696051221714,0.13107798165137607
2016-03-10,0.4848326510405563,0.13279816513761472
2016-03-11,0.5370198769907089,0.14128440366972472
2016-03-14,0.6535181625944171,0.12626146788990827
2016-03-15,0.5987281963496969,0.11616972477064219
2016-03-16,0.5644076293869255,0.1403669724770642
2016-03-17,0.5870254814081278,0.16032110091743118
2016-03-18,0.6064282772875585,0.15229357798165133
2016-03-21,0.5548418484969447,0.15733944954128432
2016-03-22,0.52820094359634,0.175
2016-03-23,0.5187414875698906,0.13864678899082566
2016-03-24,0.562798705167669,0.1370412844036697
2016-03-28,0.49564556993749453,0.13532110091743121
2016-03-29,0.5044667595594463,0.12293577981651371
2016-03-30,0.5052921708986889,0.12293577981651371
2016-03-31,0.4676114265925452,0.12327981651376141
2016-04-01,0.4786895754291769,0.10516055045871558
2016-04-04,0.415554439085274,0.09300458715596327
2016-04-05,0.4500465310176618,0.09552752293577982
2016-04-06,0.39724518280457893,0.13245412844036697
2016-04-07,0.3704987659095926,0.12740825688073387
2016-04-08,0.3513442918457094,0.15538990825688076
2016-04-11,0.3919885134765583,0.1636467889908257
2016-04-12,0.3753450630805732,0.18268348623853203
2016-04-13,0.44811580350349545,0.17786697247706423
2016-04-14,0.4448996597651139,0.175
2016-04-15,0.3949214022063398,0.16295871559633024
2016-04-18,0.38990321546594864,0.15538990825688076
2016-04-19,0.4019753339086284,0.1684633027522936
2016-04-20,0.36265583354471265,0.18956422018348618
2016-04-21,0.36792264651579404,0.19483944954128435
2016-04-22,0.3822614300155981,0.1900229357798165
2016-04-25,0.40313822672285154,0.17752293577981648
2016-04-26,0.4420239653391172,0.18727064220183487
2016-04-27,0.4754041016333173,0.2190366972477064
2016-04-28,0.46146692957940255,0.22752293577981647
2016-04-29,0.44084200777275684,0.22694954128440364
2016-05-02,0.4710122078071735,0.21284403669724766
2016-05-03,0.43775983476514707,0.20022935779816514
2016-05-04,0.45679882071337996,0.20160550458715593
2016-05-05,0.5170390605028254,0.2080275229357798
2016-05-06,0.4462706200518003,0.21089449541284394
2016-05-09,0.5005983578056067,0.19793577981651378
2016-05-10,0.5303999962187298,0.2120412844036697
2016-05-11,0.505916532260579,0.22958715596330276
2016-05-12,0.5069676935014216,0.23451834862385318
2016-05-13,0.5542735393217367,0.22970183486238532
2016-05-16,0.4975182540698135,0.24690366972477057
2016-05-17,0.5480801971527222,0.253440366972477
2016-05-18,0.5504150570943924,0.2514908256880733
2016-05-19,0.5743934651626814,0.25194954128440356
2016-05-20,0.5360288090439131,0.24633027522935774
2016-05-23,0.5779608604776917,0.2514908256880733
2016-05-24,0.5776963350173562,0.25057339449541277
2016-05-25,0.5786238232972194,0.26272935779816514
2016-05-26,0.6262982696894028,0.2615825688073394
2016-05-27,0.6056720360118024,0.26571100917431184
2016-05-31,0.5550525913869305,0.26272935779816514
2016-06-01,0.5669566654616125,0.26238532110091745
2016-06-02,0.5511402845224144,0.2631880733944954
2016-06-03,0.5610622196011344,0.25802752293577974
2016-06-06,0.5796146584057682,0.26972477064220185
2016-06-07,0.5858541673259984,0.2772935779816513
2016-06-08,0.6064199772840543,0.2871559633027522
2016-06-09,0.5932955970765521,0.27901376146788986
2016-06-10,0.6306727706813939,0.2626146788990826
2016-06-13,0.6092813710227397,0.26032110091743116
2016-06-14,0.5702018427516555,0.25573394495412843
2016-06-15,0.557060860762024,0.249197247706422
2016-06-16,0.5343879831591698,0.2287844036697248
2016-06-17,0.5298032754996767,0.2501146788990825
2016-06-20,0.5048262310155596,0.2661697247706421
2016-06-21,0.5824456642866112,0.26100917431192655
2016-06-22,0.5520381008151445,0.26341743119266053
2016-06-23,0.5890810639135895,0.2654816513761468
2016-06-24,0.6078457289296624,0.23520642201834868
2016-06-27,0.5287604192284785,0.22488532110091736
2016-06-28,0.5097663651523392,0.24931192660550455
2016-06-29,0.4655273071373405,0.27133027522935776
2016-06-30,0.46561112690207646,0.2532110091743119
2016-07-01,0.4643977996454688,0.2618119266055046
2016-07-05,0.5550478406000467,0.23555045871559627
2016-07-06,0.5647951730094936,0.24288990825688067
2016-07-07,0.5394794436390462,0.21823394495412834
2016-07-08,0.5541145994403973,0.21995412844036694
2016-07-11,0.47258679748091226,0.21261467889908253
2016-07-12,0.49395576831078036,0.23658256880733947
2016-07-13,0.4929064635125139,0.21422018348623845
2016-07-14,0.5017720966756867,0.2230504587155963
2016-07-15,0.5639219884705859,0.22637614678899082
2016-07-18,0.43169920073441276,0.2183486238532109
2016-07-19,0.4655172612446831,0.21158256880733944
2016-07-20,0.43651950056202354,0.21525229357798165
2016-07-21,0.4025477469052701,0.20378440366972478
2016-07-22,0.34058198591844885,0.1974770642201834
2016-07-25,0.33156723516155784,0.18589449541284397
2016-07-26,0.3715334790568826,0.1831422018348623
2016-07-27,0.44325395617045876,0.18016055045871554
2016-07-28,0.4997232998595733,0.1713302752293578
2016-07-29,0.5232362988622699,0.17603211009174308
2016-08-01,0.462314314611262,0.15894495412844029
2016-08-02,0.5085784149531157,0.15263761467889908
2016-08-03,0.5394835405924261,0.16754587155963296
2016-08-04,0.5892783974539317,0.18038990825688073
2016-08-05,0.5797183960322165,0.17935779816513758
2016-08-08,0.59488438955665,0.19346330275229356
2016-08-09,0.5941660205177886,0.19025229357798162
2016-08-10,0.5976157361779793,0.17844036697247706
2016-08-11,0.548971381895951,0.19862385321100912
2016-08-12,0.5123601750416944,0.20963302752293572
2016-08-15,0.44446836411469415,0.22396788990825683
2016-08-16,0.4848261034402676,0.23371559633027522
2016-08-17,0.47607477589098784,0.2364678899082569
2016-08-18,0.47497201624204965,0.2524082568807339
2016-08-19,0.5078152138057455,0.25561926605504576
2016-08-22,0.4418696539017742,0.23635321100917422
2016-08-23,0.4577955758246804,0.2448394495412844
2016-08-24,0.4234807841515387,0.23050458715596328
2016-08-25,0.47425484933500894,0.23830275229357795
2016-08-26,0.583025338813282,0.24598623853211005
2016-08-29,0.4883251830825127,0.23830275229357795
2016-08-30,0.4931787831553954,0.23084862385321098
2016-08-31,0.5343972817664615,0.2120412844036697
2016-09-01,0.6043192690094832,0.19472477064220184
2016-09-02,0.5473732511789147,0.2087155963302752
2016-09-06,0.5246118352061042,0.21399082568807343
2016-09-07,0.6019914251768475,0.2211009174311926
2016-09-08,0.5917876632770227,0.24587155963302748
2016-09-09,0.6268398375951917,0.225802752293578
2016-09-12,0.6402323878881439,0.23038990825688072
2016-09-13,0.6414613932822882,0.2146788990825687
2016-09-14,0.595023685050216,0.19988532110091733
2016-09-15,0.5897319781973329,0.20252293577981645
2016-09-16,0.5701160343598178,0.19323394495412838
2016-09-19,0.5973316317646352,0.1966743119266055
2016-09-20,0.634310733893762,0.20252293577981645
2016-09-21,0.5162944744243828,0.21949541284403667
2016-09-22,0.5184498645122573,0.22832568807339443
2016-09-23,0.5231279149428547,0.2083715596330275
2016-09-26,0.5574557209814576,0.22259174311926605
2016-09-27,0.5361224181433226,0.211697247706422
2016-09-28,0.5008824314709706,0.2394495412844036
2016-09-29,0.5272203027260634,0.24690366972477057
2016-09-30,0.5408941346232056,0.24690366972477057
2016-10-03,0.3122468250721534,0.25928899082568796
2016-10-04,0.31979746911402873,0.2577981651376147
2016-10-05,0.30644355139200063,0.2701834862385321
2016-10-06,0.3709037055214551,0.27809633027522934
2016-10-07,0.36953211093466876,0.2702981651376147
2016-10-10,0.36033919563899736,0.2702981651376147
2016-10-11,0.3953398717185067,0.2813073394495413
2016-10-12,0.4319707986442993,0.27465596330275227
2016-10-13,0.4287879954263628,0.27844036697247704
2016-10-14,0.5377641425656783,0.27706422018348625
2016-10-17,0.4531340843680832,0.27270642201834855
2016-10-18,0.49118142327557224,0.2764908256880733
2016-10-19,0.48857477148983747,0.2912844036697248
2016-10-20,0.529544365230842,0.276605504587156
2016-10-21,0.539073398726537,0.28004587155963295
2016-10-24,0.49144826144866827,0.27511467889908253
2016-10-25,0.555795288943156,0.26674311926605504
2016-10-26,0.5498787631464486,0.25871559633027524
2016-10-27,0.5780742729936913,0.26972477064220185
2016-10-28,0.5529520806677513,0.25837155963302744
2016-10-31,0.570312387413102,0.23669724770642192
2016-11-01,0.5464245603978113,0.2347477064220183
2016-11-02,0.5315627497447661,0.2193807339449541
2016-11-03,0.570058018769997,0.21181192660550457
2016-11-04,0.6114132622085466,0.205045871559633
2016-11-07,0.6309500007957075,0.21433486238532112
2016-11-08,0.6104963048264338,0.21525229357798165
2016-11-09,0.6325236764708321,0.21800458715596333
2016-11-10,0.63768282282265,0.2113532110091742
2016-11-11,0.6292053761923809,0.19724770642201833
2016-11-14,0.6062778083306872,0.19610091743119262
2016-11-15,0.6446762379957016,0.22557339449541286
2016-11-16,0.5941387952516795,0.2221330275229358
2016-11-17,0.6113569133798535,0.21995412844036694
2016-11-18,0.6416217643364516,0.22362385321100914
2016-11-21,0.5665746008528165,0.2441513761467889
2016-11-22,0.650874071483189,0.25091743119266047
2016-11-23,0.675601695453109,0.2354357798165137
2016-11-25,0.7659773827874945,0.2354357798165137
2016-11-28,0.7262549243936836,0.22327981651376144
2016-11-29,0.7081666251873575,0.2190366972477064
2016-11-30,0.7432800306969567,0.26628440366972467
2016-12-01,0.7685983132084234,0.28543577981651375
2016-12-02,0.7247954295559067,0.292545871559633
2016-12-05,0.5066896040495944,0.29277522935779815
2016-12-06,0.47871505172451734,0.2839449541284404
2016-12-07,0.49890439358507666,0.27133027522935776
2016-12-08,0.5374101619460203,0.28268348623853207
2016-12-09,0.5951141552261004,0.29036697247706417
2016-12-12,0.6880776125230106,0.30447247706422015
2016-12-13,0.6964563650519874,0.3073394495412844
2016-12-14,0.6294287821477917,0.2846330275229357
2016-12-15,0.66678264800367,0.28337155963302746
2016-12-16,0.6646594150806082,0.295183486238532
2016-12-19,0.6517379903353389,0.29747706422018344
2016-12-20,0.6734621238378654,0.29850917431192653
2016-12-21,0.661174802397716,0.2895642201834862
2016-12-22,0.695122278610469,0.29575688073394485
2016-12-23,0.6500928339960613,0.29610091743119266
2016-12-27,0.5741662201092658,0.30538990825688067
2016-12-28,0.614507578368394,0.3190366972477064
2016-12-29,0.6112833678503939,0.3166284403669724
2016-12-30,0.6586849397419501,0.3160550458715596
2017-01-03,0.5269970651083857,0.30011467889908255
2017-01-04,0.5425033650614116,0.31043577981651366
2017-01-05,0.5786662333681484,0.3162844036697248
2017-01-06,0.6443023329987985,0.3186926605504587
2017-01-09,0.5978050378724372,0.29541284403669726
2017-01-10,0.6127452045860652,0.28245412844036694
2017-01-11,0.6115974475616899,0.29816513761467883
2017-01-12,0.6456565521134164,0.3075688073394495
2017-01-13,0.6797208552552083,0.30011467889908255
2017-01-17,0.74177330641521,0.30114678899082564
2017-01-18,0.7093757938684913,0.285894495412844
2017-01-19,0.7242002170081581,0.2889908256880734
2017-01-20,0.674822551230823,0.29977064220183486
2017-01-23,0.6747565172014605,0.30481651376146784
2017-01-24,0.6546310769066601,0.3003440366972477
2017-01-25,0.5912158991843562,0.297591743119266
2017-01-26,0.616007665993433,0.31020642201834864
2017-01-27,0.6139867478860392,0.30951834862385313
2017-01-30,0.5011602263392158,0.30321100917431193
2017-01-31,0.5626358387886076,0.3045871559633027
2017-02-01,0.5726147519341246,0.31777522935779806
2017-02-02,0.6744420895235589,0.31376146788990816
2017-02-03,0.6668925822414795,0.3167431192660551
2017-02-06,0.5285213910829554,0.3075688073394495
2017-02-07,0.5458349344627098,0.29816513761467883
2017-02-08,0.5659276079730995,0.3002293577981651
2017-02-09,0.5683161977934279,0.3073394495412844
2017-02-10,0.5559781708706336,0.3170871559633028
2017-02-13,0.5298712285307133,0.3069954128440367
2017-02-14,0.5807032890745629,0.30986238532110094
2017-02-15,0.5698932477378135,0.3087155963302752
2017-02-16,0.626435169592455,0.31215596330275225
2017-02-17,0.6213953284529155,0.31215596330275225
2017-02-21,0.5475859000574845,0.31915137614678896
2017-02-22,0.5037363378361521,0.31444954128440367
2017-02-23,0.5327080619234181,0.3244266055045871
2017-02-24,0.49587533771847936,0.31880733944954126
2017-02-27,0.4421076750202895,0.3193807339449541
2017-02-28,0.4791595091736722,0.3189220183486238
2017-03-01,0.45073604901163816,0.31685779816513754
2017-03-02,0.4575148237616836,0.30321100917431193
2017-03-03,0.5179865787644826,0.3112385321100917
2017-03-06,0.4683185227289146,0.3096330275229357
2017-03-07,0.4815718115081235,0.30378440366972476
2017-03-08,0.45210603779701514,0.27110091743119263
2017-03-09,0.43872583149864763,0.25871559633027524
2017-03-10,0.47355055674086766,0.25068807339449534
2017-03-13,0.32222836324312937,0.24954128440366968
2017-03-14,0.35273772187100094,0.24139908256880732
2017-03-15,0.36358464051235984,0.25401376146788995
2017-03-16,0.3846769450329684,0.2535550458715596
2017-03-17,0.45639725177930734,0.25401376146788995
2017-03-20,0.47400699330040885,0.24770642201834864
2017-03-21,0.5189058561375002,0.23887614678899088
2017-03-22,0.45694278186905957,0.24197247706422015
2017-03-23,0.48643852208295835,0.23864678899082564
2017-03-24,0.5210692892355933,0.2420871559633027
2017-03-27,0.42810738978782553,0.23887614678899088
2017-03-28,0.47786900271704164,0.254243119266055
2017-03-29,0.4811168113353095,0.26697247706422017
2017-03-30,0.538752393654615,0.2764908256880733
2017-03-31,0.6314171725832551,0.279243119266055
2017-04-03,0.5755134387705847,0.2759174311926605
2017-04-04,0.6085848225104453,0.28440366972477066
2017-04-05,0.5717007307718387,0.28612385321100914
2017-04-06,0.5567404102677546,0.29243119266055034
2017-04-07,0.5056827054367151,0.2988532110091742
2017-04-10,0.4358356476304496,0.30814220183486235
2017-04-11,0.4591893357692479,0.31181192660550455
2017-04-12,0.4548162327107328,0.30883027522935774
2017-04-13,0.5181878088699763,0.3096330275229357
2017-04-17,0.5864751571229039,0.30309633027522925
2017-04-18,0.6059917119273348,0.3012614678899082
2017-04-19,0.5786496413373701,0.27866972477064217
2017-04-20,0.581831514533476,0.27603211009174305
2017-04-21,0.5484612317135842,0.2689220183486238
2017-04-24,0.059579086595058506,0.2604357798165137
2017-04-25,0.11496521239001656,0.2641055045871559
2017-04-26,0.13513543306574338,0.2641055045871559
2017-04-27,0.1447549640692557,0.2611238532110091
2017-04-28,0.27267508025049536,0.2651376146788991
2017-05-01,0.13076361690752913,0.25963302752293577
2017-05-02,0.12541294754289467,0.2461009174311926
2017-05-03,0.14148995555148947,0.24770642201834864
2017-05-04,0.2033566400973077,0.2220183486238531
2017-05-05,0.22846568090978359,0.22981651376146778
2017-05-08,0.5073826040611515,0.232454128440367
2017-05-09,0.48988445629441724,0.22534403669724773
2017-05-10,0.4256456856274169,0.24185779816513758
2017-05-11,0.5260310130460153,0.24793577981651377
2017-05-12,0.48758130071552347,0.2481651376146789
2017-05-15,0.4190040129204228,0.25997706422018346
2017-05-16,0.4267416146960171,0.2574541284403669
2017-05-17,0.4239751649550176,0.26204128440366964
2017-05-18,0.47651429135097795,0.26571100917431184
2017-05-19,0.49462149717043835,0.27672018348623845
2017-05-22,0.5146335170473604,0.28233944954128437
2017-05-23,0.5446423435221295,0.285894495412844
2017-05-24,0.521890380666072,0.28440366972477066
2017-05-25,0.5093233909277957,0.25665137614678896
2017-05-26,0.41930339688412743,0.2682339449541284
2017-05-30,0.35459710186641363,0.2688073394495413
2017-05-31,0.34557395982405664,0.253440366972477
2017-06-01,0.3076771662781983,0.2537844036697247
2017-06-02,0.37597655439015454,0.2464449541284403
2017-06-05,0.43314710589830924,0.24323394495412837
2017-06-06,0.4862750254548972,0.25160550458715597
2017-06-07,0.4723889003394094,0.22488532110091736
2017-06-08,0.4909187287486419,0.22350917431192657
2017-06-09,0.5187614684449133,0.2251146788990826
2017-06-12,0.42966111236386695,0.22832568807339443
2017-06-13,0.46162272898447887,0.23188073394495406
2017-06-14,0.4690130139023855,0.21330275229357792
2017-06-15,0.4587573202891783,0.20963302752293572
2017-06-16,0.5052399405199409,0.21261467889908253
2017-06-19,0.38784656507728227,0.20699541284403672
2017-06-20,0.3829774947346805,0.1966743119266055
2017-06-21,0.42295020656899185,0.18681192660550455
2017-06-22,0.45347529311824264,0.18738532110091743
2017-06-23,0.47256363335944435,0.19116972477064215
2017-06-26,0.4194519987034535,0.1955275229357798
2017-06-27,0.4343094253636308,0.20711009174311928
2017-06-28,0.49013650025402633,0.2127293577981651
2017-06-29,0.504076307869935,0.21433486238532112
2017-06-30,0.5077053030719327,0.2274082568807339
2017-07-05,0.38235819880369726,0.21697247706422013
2017-07-06,0.3746766555340995,0.22167431192660553
2017-07-07,0.42798506144288495,0.20711009174311928
2017-07-10,0.4160289181513826,0.20883027522935776
2017-07-11,0.45459632323199634,0.2163990825688073
2017-07-12,0.4898630807525171,0.22121559633027515
2017-07-13,0.535171914600963,0.22786697247706417
2017-07-14,0.5843238391118714,0.23325688073394496
2017-07-17,0.5317790181412363,0.2274082568807339
2017-07-18,0.5750483779465131,0.2317660550458715
2017-07-19,0.5950862803982833,0.2397935779816514
2017-07-20,0.5801732669297175,0.23555045871559627
2017-07-21,0.5495113540124288,0.22465596330275223
2017-07-24,0.4955873612234121,0.22958715596330276
2017-07-25,0.4925744140557701,0.2474770642201835
2017-07-26,0.48812462566336123,0.2567660550458715
2017-07-27,0.48077149950280207,0.2621559633027522
2017-07-28,0.424402031224781,0.2698394495412843
2017-07-31,0.44716002230535434,0.27545871559633023
2017-08-01,0.4232980312425418,0.26376146788990823
2017-08-02,0.4186639656717519,0.2684633027522935
2017-08-03,0.44840754160603263,0.2619266055045872
2017-08-04,0.4620554104153719,0.2681192660550458
2017-08-07,0.3395778968405844,0.2658256880733944
2017-08-08,0.35142536570924876,0.26238532110091745
2017-08-09,0.4156678477751174,0.26834862385321107
2017-08-10,0.4554958782711372,0.25630733944954126
2017-08-11,0.47724806530412295,0.25940366972477064
2017-08-14,0.439659722095157,0.24541284403669722
2017-08-15,0.36519344674752513,0.2451834862385321
2017-08-16,0.35206304217151724,0.23635321100917422
2017-08-17,0.42757957490665993,0.2394495412844036
2017-08-18,0.47721008864300485,0.2568807339449541
2017-08-21,0.5615922253615901,0.2431192660550458
2017-08-22,0.5224379998731793,0.2461009174311926
2017-08-23,0.5073542386025935,0.2552752293577982
2017-08-24,0.4444592484906816,0.24139908256880732
2017-08-25,0.4811853804321899,0.2461009174311926
2017-08-28,0.4699848283194538,0.2317660550458715
2017-08-29,0.48184024607934756,0.232454128440367
2017-08-30,0.46937041282009384,0.2267201834862385
2017-08-31,0.505731873846734,0.24162844036697245
2017-09-01,0.5424452806236708,0.24231651376146784
2017-09-05,0.6310696961341777,0.25733944954128435
2017-09-06,0.6117371748798174,0.26307339449541284
2017-09-07,0.6136656634570519,0.26272935779816514
2017-09-08,0.6633213658082715,0.24369266055045863
2017-09-11,0.5834677703102932,0.250802752293578
2017-09-12,0.540295448932756,0.2525229357798165
2017-09-13,0.4986822983287972,0.26502293577981645
2017-09-14,0.4535588170683696,0.27144495412844033
2017-09-15,0.496695558470182,0.2719036697247706
2017-09-18,0.5784550063514438,0.27167431192660546
2017-09-19,0.5409616964313322,0.26777522935779813
2017-09-20,0.4751874433372998,0.27637614678899075
2017-09-21,0.43515329747201853,0.27970183486238526
2017-09-22,0.43714885576093154,0.276834862385321
2017-09-25,0.45515555835441995,0.2942660550458715
2017-09-26,0.4236660209438604,0.2912844036697248
2017-09-27,0.42659238275674416,0.297591743119266
2017-09-28,0.42091795593782816,0.2916284403669724
2017-09-29,0.4691629167987127,0.2922018348623853
2017-10-02,0.40374206583238076,0.27981651376146793
2017-10-03,0.38895005374041447,0.27809633027522934
2017-10-04,0.3393173821766592,0.27305045871559624
2017-10-05,0.3480904200081593,0.28211009174311924
2017-10-06,0.31800915874749824,0.2654816513761468
2017-10-09,0.45579529526077106,0.2682339449541284
2017-10-10,0.4475133474038677,0.28371559633027515
2017-10-11,0.4302256010531632,0.2879587155963302
2017-10-12,0.33510835564555264,0.28004587155963295
2017-10-13,0.3482468889184706,0.28944954128440364
2017-10-16,0.3843393987316842,0.29438073394495406
2017-10-17,0.38324153863667565,0.29449541284403663
2017-10-18,0.421722751368284,0.2965596330275229
2017-10-19,0.44351701547403466,0.2878440366972476
2017-10-20,0.4376995072594022,0.29174311926605506
2017-10-23,0.47520047384206254,0.2949541284403669
2017-10-24,0.4812753434504378,0.2996559633027523
2017-10-25,0.4581805407130345,0.2956422018348623
2017-10-26,0.5423021365790095,0.3006880733944954
2017-10-27,0.590877313450155,0.3180045871559633
2017-10-30,0.4529687718874658,0.32018348623853204
2017-10-31,0.4557728860316169,0.3230504587155963
2017-11-01,0.4430237770667547,0.32259174311926603
2017-11-02,0.4621617122978334,0.32522935779816503
2017-11-03,0.3792245280516586,0.33761467889908253
2017-11-06,0.3930877668702404,0.35722477064220187
2017-11-07,0.42359547100939915,0.3555045871559633
2017-11-08,0.3713570472622751,0.35126146788990825
2017-11-09,0.3644149567678663,0.3551605504587155
2017-11-10,0.3910538760786391,0.3504587155963302
2017-11-13,0.3719694951975878,0.3506880733944954
2017-11-14,0.3861808676111069,0.3380733944954128
2017-11-15,0.3860238703561049,0.33360091743119263
2017-11-16,0.3954172984673305,0.3319954128440367
2017-11-17,0.4458145251789436,0.34426605504587154
2017-11-20,0.3431864653926822,0.34426605504587154
2017-11-21,0.35440128879140476,0.3514908256880734
2017-11-22,0.3779470446800246,0.3634174311926605
2017-11-24,0.42205968402693983,0.37557339449541277
2017-11-27,0.406958971883205,0.36594036697247706
2017-11-28,0.3798389241767256,0.36433486238532103
2017-11-29,0.3622427491428572,0.3561926605504587
2017-11-30,0.40399302723277863,0.35791284403669715
2017-12-01,0.4617908779578172,0.3688073394495413
2017-12-04,0.39728337838273886,0.3588302752293577
2017-12-05,0.4073041468308271,0.36089449541284396
2017-12-06,0.43976843628429735,0.3394495412844036
2017-12-07,0.4730751855427613,0.34759174311926605
2017-12-08,0.4860969664298596,0.355045871559633
2017-12-11,0.2822283036632982,0.36295871559633025
2017-12-12,0.3284219453014228,0.3547018348623852
2017-12-13,0.3571089963961256,0.34862385321100914
2017-12-14,0.36973893894498056,0.35332568807339443
2017-12-15,0.3676523134146331,0.35665137614678893
2017-12-18,0.48737943329561084,0.35527522935779815
2017-12-19,0.492536903033787,0.35894495412844035
2017-12-20,0.45357700855049304,0.3658256880733945
2017-12-21,0.4953160249244123,0.36869266055045874
2017-12-22,0.5506233965940823,0.36766055045871554
2017-12-26,0.6382956935488835,0.3825688073394495
2017-12-27,0.5208626593899519,0.3839449541284404
2017-12-28,0.5281645210918995,0.385894495412844
2017-12-29,0.6494294687248523,0.39300458715596326
2018-01-02,0.5886499731965955,0.39197247706422006
2018-01-03,0.6032618589213965,0.4061926605504587
2018-01-04,0.563842289016691,0.41043577981651364
2018-01-05,0.6136323991070219,0.4048165137614678
2018-01-08,0.46446116188223774,0.4075688073394495
2018-01-09,0.45564670400184026,0.4212155963302752
2018-01-10,0.4338914936414933,0.4290137614678899
2018-01-11,0.45228926952415505,0.43142201834862387
2018-01-12,0.39871703024466487,0.43612385321100916
2018-01-16,0.5443003188167372,0.4315366972477063
2018-01-17,0.4732565579748441,0.4326834862385321
2018-01-18,0.48461074651757075,0.43314220183486235
2018-01-19,0.46557106929939784,0.42649082568807334
2018-01-22,0.6081617701749715,0.4297018348623853
2018-01-23,0.6282507447790688,0.4387614678899083
2018-01-24,0.6405570448896232,0.4529816513761467
2018-01-25,0.615287315299367,0.45217889908256886
2018-01-26,0.5980885339495366,0.4596330275229357
2018-01-29,0.5017421838028033,0.45321100917431184
2018-01-30,0.4612357217653232,0.440940366972477
2018-01-31,0.5457170470872643,0.4430045871559632
2018-02-01,0.5556927464291688,0.4556192660550458
2018-02-02,0.436448307722434,0.45080275229357797
2018-02-05,0.3466453851818052,0.4356651376146789
2018-02-06,0.31942286418607324,0.427637614678899
2018-02-07,0.26740141655300054,0.4096330275229357
2018-02-08,0.2615498205630342,0.40263761467889897
2018-02-09,0.22265697594710632,0.3785550458715596
2018-02-12,0.17620377373676244,0.38096330275229345
2018-02-13,0.20465864231257247,0.38004587155963293
2018-02-14,0.2577490209663542,0.39575688073394494
2018-02-15,0.25217477476123984,0.40470183486238526
2018-02-16,0.25010544516210864,0.40940366972477055
2018-02-20,0.3250851276107216,0.4096330275229357
2018-02-21,0.3050757523253681,0.4075688073394495
2018-02-22,0.3027521689764252,0.4189220183486238
2018-02-23,0.3759181170847804,0.42809633027522936
2018-02-26,0.5218650411629573,0.43142201834862387
2018-02-27,0.45565727698749225,0.42144495412844024
2018-02-28,0.49650103681363,0.40412844036697243
2018-03-01,0.4671020805606562,0.39896788990825677
2018-03-02,0.48494356213604334,0.40137614678899075
2018-03-05,0.4688150130385798,0.4162844036697248
2018-03-06,0.5166030866459046,0.4168577981651375
2018-03-07,0.5223920460392244,0.4002293577981651
2018-03-08,0.4928136901674922,0.3892201834862385
2018-03-09,0.5092211588232642,0.410894495412844
2018-03-12,0.45190784881194457,0.4032110091743119
2018-03-13,0.4934893928577932,0.39564220183486226
2018-03-14,0.46448780159743924,0.3979357798165137
2018-03-15,0.49891892765412715,0.40103211009174305
2018-03-16,0.5433661255129012,0.4139908256880734
2018-03-19,0.5075929222737148,0.41077981651376144
2018-03-20,0.5067555747252217,0.4263761467889908
2018-03-21,0.5510889094441833,0.44621559633027513
2018-03-22,0.5847658292705203,0.43646788990825686
2018-03-23,0.6396424691772612,0.45424311926605493
2018-03-26,0.47906548991118625,0.4506880733944953
2018-03-27,0.4548157769750195,0.44747706422018335
2018-03-28,0.44881668631626764,0.4370412844036697
2018-03-29,0.4828590696876683,0.44357798165137613
2018-04-02,0.43416514283072244,0.42270642201834857
2018-04-03,0.48938496219103217,0.42683486238532103
2018-04-04,0.5618847265098262,0.42614678899082564
2018-04-05,0.5639762295697456,0.42821100917431193
2018-04-06,0.6320187566827328,0.4110091743119266
2018-04-09,0.6755235290145126,0.42672018348623847
2018-04-10,0.7240893638648953,0.45057339449541284
2018-04-11,0.7072726851751157,0.4658256880733945
2018-04-12,0.7512680653572377,0.46880733944954117
2018-04-13,0.8032436717311394,0.4720183486238531
2018-04-16,0.7537319952025627,0.45917431192660546
2018-04-17,0.7976291297457208,0.46227064220183484
2018-04-18,0.7832867912201272,0.4845183486238532
2018-04-19,0.8129327820062107,0.48291284403669715
2018-04-20,0.8198358685547974,0.482454128440367
2018-04-23,0.7239595869312366,0.4749999999999999
2018-04-24,0.735703561774426,0.47557339449541275
2018-04-25,0.7395309360940223,0.4794724770642201
2018-04-26,0.7612488649127757,0.4815366972477065
2018-04-27,0.710101350492722,0.4807339449541284
2018-04-30,0.6266236344180217,0.48589449541284396
2018-05-01,0.6578157995821876,0.47121559633027515
2018-05-02,0.6410809503845019,0.478440366972477
2018-05-03,0.6482912538877664,0.48463302752293574
2018-05-04,0.6560332845592757,0.4990825688073393
2018-05-07,0.6842820280550899,0.5108944954128438
2018-05-08,0.6819129300530933,0.48899082568807334
2018-05-09,0.6962168491434347,0.5157110091743118
2018-05-10,0.7282077983935922,0.5180045871559633
2018-05-11,0.7320750768157059,0.5103211009174311
2018-05-14,0.6562907085052897,0.5139908256880734
2018-05-15,0.6991684309509588,0.5177752293577982
2018-05-16,0.7163135214381203,0.5188073394495414
2018-05-17,0.7226073323511643,0.5192660550458714
2018-05-18,0.7164863585887027,0.5165137614678899
2018-05-21,0.7160831753290346,0.5283256880733944
2018-05-22,0.7379878597019902,0.5263761467889909
2018-05-23,0.6898722641065768,0.5236238532110091
2018-05-24,0.7162884002797086,0.5112385321100916
2018-05-25,0.7056113987123708,0.47855504587155956
2018-05-29,0.6483058849776683,0.4657110091743118
2018-05-30,0.6514220763942438,0.48222477064220176
2018-05-31,0.6401851053177317,0.4677752293577982
2018-06-01,0.644572189167363,0.4543577981651376
2018-06-04,0.6338231214604677,0.4423165137614679
2018-06-05,0.6998429938997399,0.45091743119266053
2018-06-06,0.6820967475376198,0.44220183486238523
2018-06-07,0.6974203009981849,0.456077981651376
2018-06-08,0.6837312502266055,0.45389908256880723
2018-06-11,0.6650696080064793,0.457683486238532
2018-06-12,0.66780373401886,0.46089449541284394
2018-06-13,0.6906174383712221,0.4637614678899082
2018-06-14,0.7246446858291415,0.4669724770642201
2018-06-15,0.7295385888422495,0.44518348623853216
2018-06-18,0.5811463424242453,0.45550458715596326
2018-06-19,0.5978539643293037,0.4461009174311927
2018-06-20,0.6362069611826442,0.4556192660550458
2018-06-21,0.6668043770101648,0.45286697247706426
2018-06-22,0.6828585522783601,0.4911697247706421
2018-06-25,0.6673636003211567,0.5013761467889908
2018-06-26,0.653275605823872,0.5623853211009173
2018-06-27,0.6527139155598023,0.5873853211009172
2018-06-28,0.6864684189049043,0.5419724770642202
2018-06-29,0.6056694689709528,0.5497706422018347
2018-07-02,0.5784288449168076,0.5470183486238531
2018-07-03,0.6062104671801148,0.5504587155963301
2018-07-05,0.610544246871224,0.5373853211009174
2018-07-06,0.6590672989509037,0.545756880733945
2018-07-09,0.2761038268908248,0.5474770642201836
2018-07-10,0.2972363808944666,0.5495412844036696
2018-07-11,0.34988778056688535,0.5077981651376147
2018-07-12,0.37296163750781264,0.5056192660550458
2018-07-13,0.46023899000138513,0.5142201834862385
2018-07-16,0.5099729223728513,0.48199541284403663
2018-07-17,0.5410472577705665,0.4798165137614679
2018-07-18,0.5885311373767717,0.4884174311926605
2018-07-19,0.6123535919611389,0.4957568807339449
2018-07-20,0.6320566953961007,0.5059633027522936
2018-07-23,0.7442400980988453,0.47832568807339454
2018-07-24,0.7456817612727427,0.5112385321100916
2018-07-25,0.7202912998354757,0.5153669724770642
2018-07-26,0.7192669887456863,0.5206422018348624
2018-07-27,0.6603834271546857,0.4870412844036696
2018-07-30,0.652288350688949,0.5160550458715596
2018-07-31,0.6567158086397415,0.501032110091743
2018-08-01,0.615904167222596,0.48864678899082564
2018-08-02,0.6487402871608724,0.49036697247706423
2018-08-03,0.6196212465009054,0.4850917431192659
2018-08-06,0.5518725908491824,0.4910550458715596
2018-08-07,0.570578824155511,0.49288990825688067
2018-08-08,0.5302708213539143,0.4670871559633027
2018-08-09,0.54850948375502,0.4658256880733945
2018-08-10,0.5793790874658946,0.4749999999999999
2018-08-13,0.6327764508870517,0.47087155963302746
2018-08-14,0.6686566266563593,0.4684633027522936
2018-08-15,0.6432823340386954,0.44587155963302744
2018-08-16,0.6348860514756699,0.45011467889908247
2018-08-17,0.623291867583776,0.4557339449541285
2018-08-20,0.5950833371848991,0.46227064220183484
2018-08-21,0.6639633010825416,0.4716743119266054
2018-08-22,0.651700213242294,0.4777522935779815
2018-08-23,0.6558262909071021,0.4924311926605503
2018-08-24,0.6823939055198773,0.4990825688073393
2018-08-27,0.6011795752447593,0.5020642201834862
2018-08-28,0.6107032908062819,0.48566513761467894
2018-08-29,0.5818053014287186,0.4987385321100917
2018-08-30,0.579783189361494,0.505275229357798
2018-08-31,0.5764641082898592,0.5005733944954129
2018-09-04,0.5504976624176787,0.5003440366972476
2018-09-05,0.5253447012227314,0.4873853211009173
2018-09-06,0.4621366641157116,0.47729357798165134
2018-09-07,0.47954864317082374,0.4763761467889908
2018-09-10,0.5242468113846913,0.47431192660550453
2018-09-11,0.5404066986330679,0.49426605504587157
2018-09-12,0.45337676384083375,0.506651376146789
2018-09-13,0.4903225708951598,0.4863532110091742
2018-09-14,0.5046467269100907,0.49071100917431193
2018-09-17,0.5793799899566432,0.48933486238532103
2018-09-18,0.6266090854972862,0.5009174311926605
2018-09-19,0.6294948466091284,0.5147935779816513
2018-09-20,0.6560500263102494,0.5112385321100916
2018-09-21,0.6825673475999395,0.5115825688073394
2018-09-24,0.9759365893874918,0.5394495412844036
2018-09-25,0.9419113414736282,0.5413990825688073
2018-09-26,0.8696662180955044,0.5278669724770642
2018-09-27,0.8559033746499131,0.5274082568807339
2018-09-28,0.8460654683793659,0.5386467889908255
2018-10-01,0.8692406697462987,0.5639908256880735
2018-10-02,0.8749688590118512,0.5615825688073393
2018-10-03,0.8184838293634484,0.575802752293578
2018-10-04,0.7947468923923791,0.5533256880733943
2018-10-05,0.8213374669397596,0.5512614678899082
2018-10-08,0.717967539125434,0.5513761467889908
2018-10-09,0.6924942908481926,0.5591743119266055
2018-10-10,0.7214739842572004,0.5388761467889909
2018-10-11,0.6778059256404707,0.5135321100917432
2018-10-12,0.7337964059552193,0.518577981651376
2018-10-15,0.6086898592130292,0.5235091743119267
2018-10-16,0.6220524988852489,0.5245412844036696
2018-10-17,0.6638018572342607,0.4981651376146788
2018-10-18,0.6631150180455814,0.4866972477064219
2018-10-19,0.6173745208006887,0.4927752293577981
2018-10-22,0.4432018444448923,0.4938073394495412
2018-10-23,0.49345990276361745,0.46215596330275216
2018-10-24,0.5263080295289244,0.46295871559633023
2018-10-25,0.5623705043260337,0.47087155963302746
2018-10-26,0.5529121896847136,0.4746559633027522
2018-10-29,0.45212142751559004,0.4680045871559632
2018-10-30,0.5221248062495364,0.45860091743119263
2018-10-31,0.5680637602968258,0.4486238532110091
2018-11-01,0.6048554540787122,0.42981651376146784
2018-11-02,0.6257630603213207,0.42350917431192653
2018-11-06,0.7268937130259209,0.4124999999999999
2018-11-07,0.6955970023656521,0.40711009174311924
2018-11-09,0.6794868677652969,0.3899082568807339
2018-11-12,0.6988556712307525,0.38600917431192655
2018-11-13,0.7520166848956298,0.33761467889908253
2018-11-14,0.7866028463991943,0.3436926605504586
2018-11-15,0.7276650860884217,0.3470183486238532
2018-11-16,0.8398247895968843,0.3474770642201835
2018-11-19,0.7433898877731776,0.3551605504587155
2018-11-20,0.7709140082012947,0.3119266055045871
2018-11-21,0.7105361802302653,0.3236238532110091
2018-11-26,0.6947687619266364,0.28979357798165134
2018-11-27,0.7135134168044368,0.28807339449541286
2018-11-28,0.7608410355721051,0.27373853211009175
2018-11-29,0.756372051880057,0.28979357798165134
2018-11-30,0.7148232165376714,0.2819954128440367
2018-12-03,0.6972523740324433,0.3072247706422017
2018-12-04,0.7524269707104572,0.30986238532110094
2018-12-05,0.7867307094777778,0.3033256880733945
2018-12-06,0.8161941841336595,0.29071100917431186
2018-12-07,0.8388873304140289,0.3047018348623853
2018-12-10,0.7201960294868449,0.2853211009174312
2018-12-11,0.7747601073009823,0.2919724770642201
2018-12-12,0.8096314262605989,0.2849770642201835
2018-12-13,0.8180574158070271,0.3038990825688073
2018-12-14,0.7787379406622736,0.2874999999999999
2018-12-17,0.6777299545630997,0.27075688073394494
2018-12-18,0.7057387032300737,0.22855504587155956
2018-12-19,0.6984392439886954,0.24965596330275225
2018-12-21,0.7366457589542033,0.2200688073394495
2018-12-27,0.6327100917113897,0.2097477064220183
2018-12-28,0.6292800227555579,0.2174311926605504
2019-01-02,0.6901678866162086,0.2307339449541284
2019-01-03,0.670725110637389,0.23772935779816512
2019-01-04,0.6384895669135473,0.24736238532110083
2019-01-07,0.7432908927255835,0.2532110091743119
2019-01-08,0.8142513392775781,0.2682339449541284
2019-01-09,0.8389200930555855,0.29816513761467883
2019-01-10,0.8238193880983965,0.30080275229357795
2019-01-11,0.7921779853861501,0.2895642201834862
2019-01-14,0.7440738370529715,0.276605504587156
2019-01-15,0.7844632968697992,0.2936926605504587
2019-01-16,0.7842612283973445,0.2969036697247706
2019-01-17,0.7774457849367244,0.29403669724770637
2019-01-18,0.7654398270054458,0.3143348623853211
2019-01-22,0.7520092156187093,0.30275229357798167
2019-01-23,0.7547775492596557,0.3010321100917431
2019-01-24,0.7420551670947558,0.30676605504587146
2019-01-25,0.7775877523915298,0.31353211009174314
2019-01-28,0.6992747536677859,0.2935779816513761
2019-01-29,0.7225159165767697,0.3082568807339449
2019-01-30,0.7177809957668414,0.32098623853211
2019-01-31,0.741672320620861,0.3170871559633028
2019-02-01,0.7803881848637925,0.3337155963302752
2019-02-04,0.7934219953095214,0.3254587155963303
2019-02-05,0.8234307351543436,0.3153669724770642
2019-02-06,0.7639583933851686,0.3182339449541283
2019-02-07,0.7701565084341444,0.30378440366972476
2019-02-08,0.7898618831152029,0.3045871559633027
2019-02-11,0.6997326082977732,0.3009174311926605
2019-02-12,0.7389510333874844,0.3090596330275229
2019-02-13,0.6910682189388505,0.3170871559633028
2019-02-14,0.7103126529548462,0.32350917431192655
2019-02-15,0.7178585348127865,0.3370412844036697
2019-02-19,0.7845542479743783,0.34323394495412834
2019-02-20,0.7774458944750313,0.3521788990825688
2019-02-21,0.7620086770004979,0.3527522935779816
2019-02-22,0.7677814790762869,0.353440366972477
2019-02-25,0.7724634749301303,0.3340596330275229
2019-02-26,0.7640226810541941,0.3349770642201834
2019-02-27,0.7502850764667353,0.3524082568807339
2019-02-28,0.7456731454569097,0.3557339449541284
2019-03-01,0.7267032485374874,0.3391055045871559
2019-03-04,0.7599918443574385,0.3487385321100917
2019-03-05,0.7724631279541744,0.3481651376146789
2019-03-06,0.7660149180134753,0.3443807339449541
2019-03-07,0.7755070075249062,0.3487385321100917
2019-03-08,0.7888886352715674,0.33922018348623856
2019-03-11,0.7478270854799132,0.35091743119266045
2019-03-12,0.7358584006000386,0.3520642201834862
2019-03-13,0.7356923995608311,0.3678899082568808
2019-03-14,0.7256637754891273,0.371559633027523
2019-03-15,0.7398990437813306,0.37064220183486235
2019-03-18,0.7315568775298398,0.37729357798165136
2019-03-19,0.7768770460932801,0.37763761467889906
2019-03-20,0.7611524342703179,0.3891055045871559
2019-03-21,0.7802552857359792,0.3874999999999999
2019-03-22,0.8105368601301038,0.3747706422018348
